ticker,company_name,status,sector,industry,last_date,last_close,data_points,rising_7day,declining_7day,pct_1d,pct_3d,pct_5d,pct_21d,pct_63d,pct_252d,avg_1y,avg_2y,avg_5y,avg_max,cum_return_from_start_pct,ann_vol_pct,rsi,52w_high,52w_low,pct_from_52w_high,pct_from_52w_low,avg_volume_20d,volume_vs_avg
ADBE,Adobe Inc.,ok,Information Technology,Application Software,2025-10-17,333.260009765625,9872.0,False,False,1.2240678689113382,-0.7977593190166998,-1.2592219125445503,-9.307130703951493,-9.361396756909656,-34.40150964187394,409.141035345921,476.65632153126165,470.80975300491235,102.93072443780137,168164.5986408643,48.0811735630756,28.585475382855904,552.9600219726562,329.2300109863281,-39.73162678619384,1.2240678689113271,4087619.2,-2.0020260204277385
AMD,Advanced Micro Devices,ok,Information Technology,Semiconductors,2025-10-17,233.0800018310547,11492.0,False,False,-0.6309668071894259,6.873311818456718,8.459752652821152,47.59372120920493,48.45859989239152,48.799797458667385,134.33426295428637,144.09852877668072,115.27615439967745,23.238411038398244,7309.166369827611,59.13386195292459,76.72130949960727,238.60000610351562,78.20999908447266,-2.3134971212306286,198.01816207581183,75201929.0,-27.049637250661483
ABNB,Airbnb,ok,Consumer Discretionary,"Hotels, Resorts & Cruise Lines",2025-10-17,125.91000366210938,1219.0,False,False,2.4574857901051628,2.4574857901051628,6.531856384832868,0.35068338019084155,-8.807129004893156,-5.522623526975035,130.6521717998611,135.6767596326339,138.25172702204114,138.25172702204114,-12.991501747996438,47.64946757507964,58.37536266325189,161.4199981689453,105.69000244140625,-21.998510041903536,19.131422796506172,4554072.8,-1.7680174107010282
GOOGL,Alphabet Inc. (Class A),ok,Communication Services,Interactive Media & Services,2025-10-17,253.3000030517578,5326.0,False,False,0.7317252401032315,3.1982099006385267,7.071900583158297,0.5039099625489651,33.36483423943628,53.763485580182845,186.30473479616688,170.0467304813696,137.15177059173584,52.86680253282598,10057.145590054724,30.662840324394548,61.694070786968545,254.72000122070312,144.39588928222656,-0.5574741528502701,75.42050837518964,27869792.4,6.080976763931689
GOOG,Alphabet Inc. (Class C),ok,Communication Services,Interactive Media & Services,2025-10-17,253.7899932861328,5326.0,False,False,0.7582929832834262,3.0870428406349903,6.863441583202934,0.578603988619486,32.88874841113616,52.726648151096754,187.66391526180433,171.439381548235,138.17492249361268,52.908081697468646,10124.613882340986,30.65885211506908,62.06190959481614,255.24000549316406,146.27328491210938,-0.5680975457705374,73.50399523646888,18467306.85,-6.309365298708958
AMZN,Amazon,ok,Consumer Discretionary,Broadline Retail,2025-10-17,213.0399932861328,7152.0,False,False,-0.6667636156250767,-1.5481335149335362,-1.5390312456452837,-7.866627504002432,-7.091151133545681,13.506308548661462,213.14207191011346,191.98447331756532,160.45942214795738,44.61770601247768,217472.02294258715,55.461491201964684,38.194990293101,242.05999755859375,167.32000732421875,-11.988765002542921,27.324876859060666,46850683.8,-7.962974064425499
AEP,American Electric Power,ok,Utilities,Electric Utilities,2025-10-17,117.52999877929688,16057.0,False,False,0.0,-0.7180254213906445,0.4186584585924358,10.419011728222682,9.175420369065822,22.26645257254627,102.28048991777032,92.54525602124558,83.80729655247585,18.239471602708633,12839.964271525383,20.770752946228647,80.29712301883191,118.52999877929688,87.96656799316406,-0.8436682783250528,33.60757553759538,3435076.45,-25.648554342946284
AMGN,Amgen,ok,Health Care,Biotechnology,2025-10-17,298.80999755859375,10669.0,False,False,1.014164505851678,1.6879330788003521,2.9917597386341477,8.331222892731983,1.8129778036947153,-5.010541927749113,285.7488513961731,285.65217368882406,243.14131306690774,67.17916015428223,126627.40404346175,37.631801146043756,74.82010571362184,321.881103515625,252.22439575195312,-7.167586324591843,18.46990322556056,2376507.7,-18.76508542345561
ADI,Analog Devices,ok,Information Technology,Semiconductors,2025-10-17,242.8699951171875,11492.0,False,False,0.5214993185931771,3.173322605941964,7.788916750617547,-2.4814325873692034,1.393265504366692,9.376195259601271,220.31970081101375,210.16737211011275,177.42894737583816,38.79062976775541,54136.487629489726,43.42705613887925,48.21029149595104,254.6230010986328,163.20851135253906,-4.6158461453734,48.80963811536483,3121589.15,-23.67083285127385
AAPL,Apple Inc.,ok,Information Technology,"Technology Hardware, Storage & Peripherals",2025-10-17,252.2899932861328,11304.0,False,False,1.9559492412937862,1.8242680452559723,2.8621473850808377,6.057671139875387,18.870636436635245,8.38749022507901,224.6843047730951,209.97448578790926,173.37519396034776,26.888481467833078,256071.25388444716,43.96593970800552,46.468641114105246,258.1037292480469,171.9989776611328,-2.2524804189585557,46.68110050234539,46863785.9,4.21675727227151
AMAT,Applied Materials,ok,Information Technology,Semiconductor Equipment,2025-10-17,224.99000549316406,11492.0,False,False,-1.1988387989218308,3.116551159846992,7.1636145575318055,18.565562819437687,17.14595789323987,19.00899080160785,172.76271379326445,180.26338251921575,141.7711198253996,25.433664585328202,324540.71309555386,47.977111914975474,61.64846030248665,227.72000122070312,126.22825622558594,-1.1988387989218336,78.2406033488083,9266509.9,-43.128555876252825
APP,AppLovin,ok,Information Technology,Application Software,2025-10-17,599.3099975585938,1134.0,False,False,-1.051709680725299,1.5727959257899826,5.162396629866439,-3.573500655603501,63.66987344169044,316.73736717394195,369.9902591781312,219.7710239645501,122.24559966008289,122.24559966008289,819.1871558434963,77.65953965261177,30.294566920304433,718.5399780273438,143.0,-16.593367678174303,319.097900390625,6662656.25,-50.85556154874416
ARM,Arm Holdings,ok,Information Technology,Semiconductors,2025-10-17,165.61000061035156,526.0,False,False,-3.2595372109797016,-1.5164147218274526,6.976295602401339,13.013517263497354,2.278904695611561,9.915711570298225,138.51243028982702,125.26773354926593,122.16115963866956,122.16115963866956,160.43403084283813,76.05683571547915,66.92902652422731,179.92999267578125,85.81999969482422,-7.95864650049373,92.97366720957872,5931194.1,-28.019856912118247
ASML,ASML Holding,ok,Information Technology,Semiconductor Equipment,2025-10-17,1029.27001953125,7701.0,False,False,0.9494004865500116,4.687852397202685,9.942428016439898,10.936627837175994,43.38051336222388,42.33708671664238,744.7116120479021,796.8824592726842,681.5084393981156,159.13108747789664,58006.58391090686,48.20580539229603,61.742533388267255,1043.300048828125,592.0301513671875,-1.344774143606537,73.85432433708577,1763636.05,-6.045184322468344
AZN,AstraZeneca,ok,Health Care,Pharmaceuticals,2025-10-17,84.69000244140625,8166.0,False,False,1.0258864267768342,-0.505169515156112,0.18928624679994677,9.887119212086581,24.096280617873923,11.107343191891573,71.70453570848443,70.93428581040612,62.66938472249705,21.865091210409556,4900.654139020802,26.206738939015878,80.55555923485325,85.87000274658203,61.8796501159668,-1.3741705688052397,36.86244554177546,6157554.55,-49.242983157981115
TEAM,Atlassian,ok,Information Technology,Application Software,2025-10-17,151.9499969482422,2479.0,False,False,1.2122773637756934,-2.8266280661023657,5.112063858919957,-10.422689044184374,-21.82033521760065,-20.399184119604474,218.3950205647138,203.26001058468526,223.0481689720397,151.93081896013672,623.5714140392485,51.39382791905551,34.87318374233648,322.94000244140625,144.55999755859375,-52.947917322255,5.112063858919953,2869483.95,-22.35262371828217
ADSK,Autodesk,ok,Information Technology,Application Software,2025-10-17,303.6600036621094,10155.0,False,False,1.2807672083531507,-0.9556713235196801,0.052719493281516705,-5.999258410779018,2.8797939742982726,5.9969254457342025,293.9778087357601,266.6080120230764,250.31453831180644,60.13408616265894,68241.49181492848,45.29994892338987,33.118908119665306,326.7900085449219,238.83999633789062,-7.077941270543146,27.1395111028711,1322974.85,66.45040531193771
ADP,Automatic Data Processing,ok,Industrials,Human Resource & Employment Services,2025-10-17,281.2699890136719,11492.0,False,False,0.3961969364125295,-1.6263375054848317,-1.3745269449057074,-3.327039968113621,-6.038244895499956,-1.0006111832572273,298.0175968489324,269.1206137806947,227.87796709340088,49.24588529957511,71330.40737377804,25.96968132210316,28.17170769594277,323.5048522949219,273.9610595703125,-13.05540333680892,2.667871651110886,1892651.1,-37.46221900063884
AXON,Axon Enterprise,ok,Industrials,Aerospace & Defense,2025-10-17,670.6799926757812,6120.0,False,False,2.8382186010813326,-4.823533151504855,-4.601515621380803,-12.497551331263557,-10.760427972951403,54.49184562317526,656.2557769410639,476.24395642745094,285.8051353503185,73.33969187391253,145699.9957628873,60.16706918466945,37.633639252675614,870.969970703125,423.5,-22.996197890227116,58.365995909275384,599919.5,9.36300620333228
BKR,Baker Hughes,ok,Energy,Oil & Gas Equipment & Services,2025-10-17,45.18000030517578,9709.0,False,False,1.2096794868069916,0.7807237560241154,0.3108334520485645,-4.441621252834393,13.974336766902251,27.158212940828097,41.77252446512777,37.034693477168,29.82071568631822,20.486808504598102,623.6841228916775,41.063408174389636,20.846920513082836,50.54999923706055,34.59810256958008,-10.623143447938514,30.585196729544634,7361668.55,6.130436964592767
BIIB,Biogen,ok,Health Care,Biotechnology,2025-10-17,143.0,8584.0,False,False,0.5201782101351693,-1.5897031156870578,-2.4357011297145847,-0.5632414799699337,16.563416729928825,-25.34586388841735,141.19394419392742,182.22813148574375,231.42993619639404,124.06360113663462,4476.0,56.26861122119211,55.4687438881966,190.16000366210938,113.37999725341797,-24.800169727545242,26.124540010684385,1664417.65,-42.63741435330248
BKNG,Booking Holdings,ok,Consumer Discretionary,"Hotels, Resorts & Cruise Lines",2025-10-17,5070.02001953125,6680.0,False,False,2.376869774808177,-3.979442055454141,-1.8375883704109142,-6.850415061678383,-10.540526126835248,18.538997915515765,5106.804454058765,4336.703672981642,3099.235701153992,1104.9849173498724,934.3164796047776,60.17874146689996,32.877679646937565,5805.92431640625,4149.8291015625,-12.675058384683007,22.17418827253099,239498.55,17.024090542510596
AVGO,Broadcom,ok,Information Technology,Semiconductors,2025-10-17,349.3299865722656,4076.0,False,False,-1.3610073153432323,1.5110515257813262,7.608656414359949,1.3257593360687325,21.414423469374768,100.45241182697504,237.846913432695,184.7759216642285,105.87398081828074,40.046511879115855,30490.511154333417,37.704338139992004,60.331688427098875,368.9378967285156,145.69683837890625,-5.314691261081958,139.7649739411511,22104201.0,-7.205784095068624
CDNS,Cadence Design Systems,ok,Information Technology,Application Software,2025-10-17,326.1199951171875,9664.0,False,False,0.5767139914225172,0.11358253789333084,-0.26911464306192956,-10.622673001244188,3.098124546679104,21.022745997646886,304.7147407683718,293.59337951174786,218.0617753593785,43.74890272275526,16205.999755859375,46.583172990062444,32.79041293930574,373.3699951171875,231.63999938964844,-12.655007263015314,40.787427031810466,1477638.2,0.27244828943919774
CDW,CDW Corporation,ok,Information Technology,Technology Distributors,2025-10-17,152.4499969482422,3097.0,False,False,0.8934419524786241,1.4102275602776881,5.108938227466009,-6.397739596816443,-13.482957309123833,-29.76800298221727,174.41039194053863,198.28410779221159,180.80696280291127,108.22211289151777,844.4530782515974,28.42294074668585,34.600871314476436,218.10166931152344,143.45864868164062,-30.101407554798815,6.267553994987718,1322770.75,4.705596188908778
CHTR,Charter Communications,ok,Communication Services,Cable & Satellite,2025-10-17,253.16000366210938,3972.0,False,False,-0.8537607531318603,-4.916430549442485,-2.4393952793895,-3.4367049258700044,-34.90190179067213,-23.733204253742525,347.45800659666025,338.6003771378079,451.9215680626547,288.5781820884044,623.3142961774553,30.556158201987166,32.13507713218257,427.25,253.16000366210938,-40.74663460219792,0.0,1928538.4,-14.72982855824908
CTAS,Cintas,ok,Industrials,Diversified Support Services,2025-10-17,188.10000610351562,10625.0,False,False,2.028642591007923,-0.06905893161236465,0.07448360536694842,-5.719005923249309,-14.836812472201967,-10.049500305080894,208.26036059618946,186.6276021695753,134.36041864771752,24.728257491870487,113885.86540989907,29.887205580700858,20.536702439246326,227.19720458984375,181.04554748535156,-17.208485710424917,3.896510417487533,2111229.65,4.2280265436779985
CSCO,Cisco,ok,Information Technology,Communications Equipment,2025-10-17,70.12999725341797,8983.0,False,False,1.5052843691597984,2.140975113463073,3.2234246884233597,2.7278181009061875,3.238901773049996,33.02238604828287,61.981452926696534,54.548022662669005,48.95663053974224,19.443191709273293,139443.42450110984,39.096344899645196,63.683837119047034,71.35911560058594,52.554710388183594,-1.7224405555243123,33.44188700768866,18278611.8,-11.045017105730103
CCEP,Coca-Cola Europacific Partners,ok,Consumer Staples,Soft Drinks & Non-alcoholic Beverages,2025-10-17,90.54000091552734,9800.0,False,False,1.4112927346081605,0.8240510452355077,3.003412222775892,1.604758495546088,-7.243109979116669,20.576174294049878,85.26966456683033,76.66787242699807,60.40316445964157,17.573028729156572,5763.097807538857,30.86417147763767,54.55417914760238,100.16999816894531,72.95452117919922,-9.613654217279858,24.10471544749456,1783646.1,10.555675814837917
CTSH,Cognizant,ok,Information Technology,IT Consulting & Other Services,2025-10-17,66.08000183105469,6876.0,False,False,0.9317253688375882,-1.7689830108448046,0.42553003998591077,-5.949331309542205,-11.994242441731451,-13.26181493638373,76.02598447153768,73.34783956023381,70.14850668998281,34.26338043490586,35521.34131417336,46.467937364295295,44.63518856572172,89.64715576171875,65.47000122070312,-26.288791574498273,0.9317253688375773,3878877.05,-17.57560348555002
CMCSA,Comcast,ok,Communication Services,Cable & Satellite,2025-10-17,29.540000915527344,11492.0,False,False,0.9569401382612641,-1.500496362204684,0.2715608742053677,-5.646175014446298,-14.728503252133596,-27.20015568270061,35.06201468995843,36.950176022872775,39.406815779436926,11.767448527321902,47167.22169127423,35.1195052148218,33.997056375239765,43.496707916259766,29.260000228881836,-32.086812242439116,0.9569401382612635,24793286.1,-23.459028692449124
CEG,Constellation Energy,ok,Utilities,Electric Utilities,2025-10-17,386.5,941.0,False,False,-2.52944261724809,-0.7855009697533166,4.887516687812843,19.766976614915734,21.73334823821682,46.093883378044545,281.0414766714392,226.20189073687757,156.75256541836907,156.75256541836907,850.6594090820892,49.1470111852573,68.80511168349013,403.95001220703125,170.5211944580078,-4.319844455924369,126.65804167538755,2650131.65,3.641379476374329
CPRT,Copart,ok,Industrials,Diversified Support Services,2025-10-17,44.34000015258789,7951.0,False,False,0.6354942591232149,-0.9604652686600823,1.0483114705457597,-2.463702055522732,-3.6715156887405898,-19.161346606950136,53.53099617825087,52.617475263167094,41.26098730305957,9.683088114908463,29005.1824728059,37.43169677643128,47.8547998134198,63.84000015258789,43.880001068115234,-30.54511270894714,1.048311470545765,6593651.5,-29.43469942261886
CSGP,CoStar Group,ok,Real Estate,Real Estate Services,2025-10-17,73.98999786376953,6868.0,False,False,-0.48419719938106454,-2.2976434913953514,-2.103736343959506,-17.10733128726072,-12.96318550233787,-5.407828293173189,79.67378487150033,80.65970174740133,79.17864253718382,25.474778117511114,7953.333205311745,43.73566559590102,14.09537699669572,96.83000183105469,69.29000091552734,-23.58773472620142,6.78308108838393,3026192.3,-11.160767939301142
COST,Costco,ok,Consumer Staples,Consumer Staples Merchandise Retail,2025-10-17,936.3300170898438,9897.0,False,False,1.1570646733166434,-1.0755293204244065,0.6795633657546762,-1.6831837234111968,-1.0482511999829747,5.200605796486246,963.1469843283118,854.3427508678399,613.5388514524813,125.11863297400504,12623.151022668819,31.144109180928748,57.2971419128892,1073.9708251953125,869.7167358398438,-12.816065844287472,7.659192758395611,2779411.05,-22.371287974839127
CRWD,CrowdStrike,ok,Information Technology,Systems Software,2025-10-17,484.6499938964844,1598.0,False,False,0.5018316685032831,-0.8774100142145747,-1.825144775510712,-3.5771861631141877,0.6374864840356098,60.31556938587499,410.3598799382548,349.13871722666926,249.27475703901547,212.87104809537848,735.6034377525592,56.64274070757283,48.47413246528598,514.0999755859375,296.8699951171875,-5.728454208909067,63.253276473822126,2508121.7,-24.073301546731173
CSX,CSX Corporation,ok,Industrials,Rail Transportation,2025-10-17,36.599998474121094,11331.0,False,False,1.694906271758434,1.300850794661712,3.1276324123922894,9.482495183987538,6.944891079054982,4.707994796068959,32.431774732126186,32.93860386569742,31.447604941714342,7.00855765050778,28892.904117887447,30.41659337883243,58.279544664010864,36.599998474121094,26.473773956298828,0.0,38.250022586647354,17308512.55,31.838891031684867
DDOG,Datadog,ok,Information Technology,Application Software,2025-10-17,152.8699951171875,1529.0,False,False,1.1245597465327162,-4.978872154721536,-3.6978771405103306,11.738906399523529,5.231631184144803,20.483920575644078,129.87452220536798,123.95200801417083,113.1804697710997,103.33695229055681,307.1105145757503,58.33182390375552,56.55018685399961,168.64999389648438,87.0,-9.356655410840082,75.71263806573276,4192470.35,-0.5548840673375355
DXCM,DexCom,ok,Health Care,Health Care Equipment,2025-10-17,66.5999984741211,5162.0,False,False,0.40705055874128426,0.5890339752925522,2.2727206159657953,-12.11401484963307,-20.742592595955323,-0.7451564998065319,78.09653389311407,93.09654069752627,101.62602909659124,35.5933427048002,2169.165239269092,54.90100044690118,50.5775554705047,90.75,59.83000183105469,-26.611571929343146,11.31538765815723,5364886.55,-34.456563671416305
FANG,Diamondback Energy,ok,Energy,Oil & Gas Exploration & Production,2025-10-17,139.08999633789062,3272.0,False,False,-0.25100838883210796,-1.9318941393146938,-0.5221076727848772,-1.102106839081729,0.17933673323600186,-20.58440677599892,150.35934211153432,161.45314626523088,123.29084640247807,84.90736829214399,920.7883506477318,47.65752538884237,39.937227576367526,181.41571044921875,117.58053588867188,-23.330787618405182,18.293385284095347,1824758.25,-23.821963813562697
DASH,DoorDash,ok,Consumer Discretionary,Specialized Consumer Services,2025-10-17,263.05999755859375,1220.0,False,False,-1.353738961024542,-2.7648446625542666,-1.1126951271793306,-1.8689184275530013,9.366814490349595,76.70451144404092,207.48735052465918,161.202962052514,131.37821307573162,131.37821307573162,38.810619589303364,57.84820084665794,42.77402095494211,281.739990234375,149.86000061035156,-6.630224080096568,75.53716567943408,2638672.3,29.896615051440833
EA,Electronic Arts,ok,Communication Services,Interactive Home Entertainment,2025-10-17,200.3000030517578,9087.0,False,False,-0.024957848881712597,0.04995309942061876,0.13998538811921257,15.666688900893998,30.726396126784937,37.48303568941136,153.43510440051318,144.8689258188661,134.62367455670787,48.66601621854734,39815.657060512225,46.510601673646086,24.783870542192517,202.0500030517578,116.0832290649414,-0.8661222338866851,72.54861418414052,5273122.0,-16.51359479261053
EXC,Exelon,ok,Utilities,Electric Utilities,2025-10-17,47.779998779296875,13229.0,False,False,0.8868204466482066,0.8442332253361329,1.5083898217036262,10.832749020708565,10.234318907538542,22.245968229540438,41.924301952954785,38.59197825134156,35.89625290548725,10.883263021947458,18875.255472206376,23.59719563324928,82.43986571720087,47.83000183105469,35.254661560058594,-0.10454327795017333,35.52817319746656,6022188.65,12.236155205798793
FAST,Fastenal,ok,Industrials,Trading Companies & Distributors,2025-10-17,42.459999084472656,9614.0,False,False,1.1916110841504457,-0.6783647146838434,-7.252074668742948,-10.08047863866529,-7.300004488989353,12.758865882640414,41.27300148466194,36.9274975035347,29.348820660524307,7.1962549146603845,221087.2748954734,35.5744788812177,16.92463466071011,50.38999938964844,34.9963493347168,-15.737250250502747,21.32693807108569,6940990.7,1.047736600482696
FTNT,Fortinet,ok,Information Technology,Systems Software,2025-10-17,83.44000244140625,4003.0,False,False,0.36084081544407454,0.4333180096500744,0.48169740061276833,3.0250705547094636,-21.974938716572357,0.9680579110193266,95.16175307315659,79.58322079091613,64.32671975330183,25.899503623459477,4920.4576058900575,41.423609938298156,45.61911670219872,114.56999969482422,74.38999938964844,-27.17115941026252,12.165617859941996,4586062.05,-13.979772689730607
GEHC,GE HealthCare,ok,Health Care,Health Care Equipment,2025-10-17,74.05000305175781,712.0,False,False,0.9130632644015702,2.3638468349928665,4.2810883313243675,0.06757169156461629,-0.10278031772353868,-18.22581391200886,77.87745367103363,79.21664961858488,77.42060385393293,77.42060385393293,23.9162637094247,32.29617955124293,53.46322753099373,93.38863372802734,58.69257354736328,-20.707692043754268,26.165881944163704,3018898.4,-40.900031614180854
GILD,Gilead Sciences,ok,Health Care,Biotechnology,2025-10-17,122.80999755859375,8496.0,False,False,4.208739201266787,3.6546202557199425,4.804571803000157,8.088359962909951,14.206543117195892,47.365570513907954,103.37290887718656,87.21782544782575,71.82195505215104,27.696161837904608,27650.44805701663,46.66922193364178,76.97189728561084,122.80999755859375,83.79336547851562,0.0,46.56291325365356,7913443.85,99.60307167656217
GFS,GlobalFoundries,ok,Information Technology,Semiconductors,2025-10-17,34.59000015258789,997.0,False,False,0.04338218168462582,-1.5651657558723997,4.945391727523196,3.9675373509536316,-14.760969463246365,-14.083453565155002,38.30143435352827,44.579493073298494,51.46606817982022,51.46606817982022,-25.45258832955892,49.543490211366645,39.545851705385125,46.790000915527344,30.3700008392334,-26.07394854504237,13.89528876108195,3726105.7,-49.29252812125002
HON,Honeywell,ok,Industrials,Industrial Conglomerates,2025-10-17,202.9600067138672,16057.0,False,False,-0.10335751192137588,-2.708400306770342,1.0203588743174397,-3.4443341291568674,-13.265644405487741,-4.647995399425442,215.87795746943866,205.3644289050851,195.30229922009121,35.86269142199047,19397.50017034741,28.914475311368943,39.065761136140566,239.155029296875,180.98826599121094,-15.134543768292296,12.139870285139496,4370703.65,-12.918529720037197
IDXX,Idexx Laboratories,ok,Health Care,Health Care Equipment,2025-10-17,635.4000244140625,8644.0,False,False,-0.30439049167803045,-0.23707412258185956,3.124239103667348,-3.067838027180203,21.988217860602166,34.073262662698546,498.35027796528726,500.3168385924686,497.95202989031554,114.47371584985169,67115.83644604066,39.749363685794485,52.67286725760361,682.780029296875,361.0400085449219,-6.939278076367334,75.99158247721009,389499.95,-28.883431178874353
INTC,Intel,ok,Information Technology,Semiconductors,2025-10-17,37.0099983215332,11492.0,False,False,0.4614499680814177,3.8731327871132315,1.759690427396099,21.066400690214394,59.1143506334882,63.32744294241439,23.09103582009851,28.88453208286293,35.79111540545324,15.13089735081936,20291.201755497917,40.65160274851834,60.14434054383445,37.79999923706055,18.1299991607666,-2.0899495541597712,104.1367900425666,141103835.4,-16.379092272356477
INTU,Intuit,ok,Information Technology,Application Software,2025-10-17,661.3900146484375,8208.0,False,False,2.2256950851505586,0.6436852025033302,3.0539642705761816,-1.8314024777750237,-13.237205963327025,7.747355141036283,659.8429806165962,634.5694113517139,521.4484508295727,125.63508495228042,28221.64134731615,45.519070222107395,33.36551468826346,805.9171142578125,541.3980102539062,-17.93324611830254,22.16336265038305,1870316.4,-4.094943507954052
ISRG,Intuitive Surgical,ok,Health Care,Health Care Equipment,2025-10-17,446.1300048828125,6373.0,False,False,2.64829273731908,2.2319461737046575,3.85018475428196,2.363311068050855,-13.560798050167278,-6.759043671574549,516.3067320561504,455.1689459192113,347.9901774582589,110.24854470655455,21900.93031054129,48.35697404575111,53.89734877628546,610.4500122070312,429.5899963378906,-26.917848151093228,3.850184754281955,2234774.4,-2.5455097391486103
KDP,Keurig Dr Pepper,ok,Consumer Staples,Soft Drinks & Non-alcoholic Beverages,2025-10-17,28.030000686645508,4391.0,False,False,1.1183311001803142,5.020607440145941,8.559260332850815,3.980229044161576,-15.11818123008749,-21.769918768606257,31.77055845222625,31.625856653596486,31.742578515581265,16.29104595997697,922.1689313407505,24.976501255896764,80.89003196553594,35.84962463378906,25.299999237060547,-21.81228960420798,10.790519888972705,18706948.95,23.404832405874497
KLAC,KLA Corporation,ok,Information Technology,Semiconductor Equipment,2025-10-17,1106.6600341796875,11349.0,False,False,0.7153244450566865,7.892101697852194,12.60850004372298,5.729499291152673,18.26783759199968,57.87894981062642,784.1782970656436,730.46273645966,500.8655721943849,78.2146999829088,181523.30109243924,50.905778302673866,54.92394028284752,1139.7099609375,573.896484375,-2.8998541638283455,92.83269096601833,1014371.65,-13.332258447877566
KHC,Kraft Heinz,ok,Consumer Staples,Packaged Foods & Meats,2025-10-17,25.520000457763672,2589.0,False,False,1.551935177164454,0.3144651023059275,1.471176321453238,-2.1472372223182323,-5.7687644557517075,-24.518276061270726,28.11080700847732,30.33699889969873,31.209594403102898,36.85629688961343,-45.342514382495324,26.944879477204807,47.272722018322106,34.07453155517578,25.040000915527344,-25.105352023871657,1.9169310091305933,13695420.9,16.347048523349873
LRCX,Lam Research,ok,Information Technology,Semiconductor Equipment,2025-10-17,141.50999450683594,10446.0,False,False,-0.6040602934935024,2.3136410995065804,7.718657049962685,12.246222779244121,39.36449243608677,87.28265042338525,87.8410519451734,85.9850565036296,65.73094661220624,11.305519671016912,74693.17133065267,55.60762501608703,58.79176437296439,149.14999389648438,58.82716369628906,-5.12235984062519,140.55212866868624,11760624.5,-45.70534923549341
LIN,Linde plc,ok,Materials,Industrial Gases,2025-10-17,450.8900146484375,8394.0,False,False,1.4969441203512623,-1.8203560917936845,-0.6456288018364065,-5.275207006630778,-3.847933745319787,-5.001910922710762,455.5836011423058,441.43814014108705,355.92588978664133,101.34467662176064,9815.918837914607,27.694907959885906,29.480623932276217,483.5899963378906,408.9245910644531,-6.761922690105695,10.262386880364929,1729814.55,35.2509724236046
LULU,Lululemon,ok,Consumer Discretionary,"Apparel, Accessories & Luxury Goods",2025-10-17,167.41000366210938,4587.0,False,False,1.6948175359474238,-1.016969887687813,-0.05969246493079394,-1.3843019090295394,-24.99888059377544,-41.766384700023195,285.80776874192685,326.77860856103615,340.2516718578946,147.08195771551453,1095.7857404436384,49.12131180035231,27.941211161916144,421.1600036621094,159.8699951171875,-60.2502606595046,4.716337508733217,4287341.8,-4.410793653074263
MAR,Marriott International,ok,Consumer Discretionary,"Hotels, Resorts & Cruise Lines",2025-10-17,260.8500061035156,6938.0,False,False,0.6987328207564758,-2.6570120105807615,0.24980548270197023,-1.1744671188285927,-3.6990464580595295,1.069780624734773,265.5998963739768,247.17980462561545,190.40845770137327,69.20662103224365,1897.9687007051957,34.132937239524495,43.93168872921108,302.21917724609375,210.04202270507812,-13.688466602134802,24.189437305970646,1470865.45,11.61517187041139
MRVL,Marvell Technology,ok,Information Technology,Application Software,2025-10-17,87.94999694824219,6363.0,False,False,-0.31735962602046364,2.006490029048691,2.7333212489285774,18.56153586579996,20.460211014167086,11.100753847519428,81.87502206749176,73.91874442280643,61.46730405357992,22.96510556501805,624.0409636057018,55.70244126568815,58.841949219032536,125.73070526123047,49.300880432128906,-30.048911468754884,78.39437384758351,22000149.6,-39.83044551660685
MELI,Mercado Libre,ok,Consumer Discretionary,Broadline Retail,2025-10-17,2024.97998046875,4577.0,False,False,-0.8849508877112777,-6.156217093282734,-5.094037287207797,-18.227894674783496,-14.883192076045981,-0.4248588560882838,2174.685743354706,1919.6662437484467,1523.321211505088,557.8642647565908,7232.518431567341,54.77237449352301,25.116253087115723,2613.6298828125,1666.0,-22.52231297992009,21.5474177952431,548101.5,35.34536942518858
META,Meta Platforms,ok,Communication Services,Interactive Media & Services,2025-10-17,716.9149780273438,3374.0,False,False,0.6804065124623282,1.1662955377889084,1.6468156012196644,-8.055260143370713,0.6211889385296709,22.66860734643441,654.4100306537522,553.761976966327,371.1785485638175,213.30955124466675,1786.8286112492697,39.780207342753556,40.883247088583126,789.4671630859375,483.9607238769531,-9.190019351152682,48.134950349735234,12444567.15,-2.105530444262982
MCHP,Microchip Technology,ok,Information Technology,Semiconductors,2025-10-17,65.13500213623047,8203.0,False,False,-0.3289921085090186,0.8281790630749075,7.82155653162242,-1.6978568725171561,-11.189616767312971,-10.874866166800013,60.55997766441558,71.33026193577064,69.93206157805814,21.478454582375914,36247.87635553986,47.91670250674311,52.959164162044296,76.7936019897461,34.82721710205078,-15.18173331037701,87.02327534632398,6732909.75,-32.100753318429675
MU,Micron Technology,ok,Information Technology,Semiconductors,2025-10-17,202.3800048828125,10427.0,False,False,-0.07406008857375745,8.189889620532043,11.442730220753328,19.90451882972284,78.84547560864199,94.80921053597893,109.29062412459537,104.55129126668213,83.10146020476226,23.755818321424876,14868.179058119616,60.21922677085912,71.26404863836986,202.52999877929688,64.6186752319336,-0.07406008857375639,213.19120077348677,29134229.2,-21.296754265940898
MSFT,Microsoft,ok,Information Technology,Systems Software,2025-10-17,513.5800170898438,9978.0,False,False,0.3850651462417254,0.0019490557241041984,0.5127653199039184,1.0089497019666993,0.8556464123229857,23.569694075795567,448.9097621963319,425.6219598303732,331.4473098949262,64.29908116095517,863062.969296792,33.23906982426826,48.95410609273413,534.7609252929688,353.3294372558594,-3.9608182276072323,45.35443779566569,17596451.55,9.14661371030796
MSTR,MicroStrategy,ok,Information Technology,Application Software,2025-10-17,289.8699951171875,6882.0,False,False,2.124435899484234,-3.5919838454866904,-4.895177994502853,-16.971242217195794,-32.00009478575948,49.179146085768366,344.9785660823503,229.07469195447433,116.68971896854936,32.077372918028324,2644.331314718935,75.39619755817841,37.9077534208347,473.8299865722656,193.4199981689453,-38.82405011676518,49.865576394017246,12506596.35,3.6934961125534294
MDLZ,Mondelez International,ok,Consumer Staples,Packaged Foods & Meats,2025-10-17,62.459999084472656,6124.0,False,False,1.3961049215169385,0.5311411728379456,1.643609941405133,-0.45430395314659533,-9.301849457429046,-10.371537262987152,63.23230480482854,65.29564146493112,61.15728244660007,30.226957855623272,450.3471409056041,21.18183583929212,51.699268371926195,70.18517303466797,54.902225494384766,-11.006846056188339,13.765878381124782,6830834.05,-12.299421181224568
MNST,Monster Beverage,ok,Consumer Staples,Soft Drinks & Non-alcoholic Beverages,2025-10-17,70.22000122070312,10043.0,False,False,0.0855153299060607,2.3465975747399392,0.8618190899892575,8.6324286567804,18.155815009456823,33.44736344750046,58.088565689634045,55.718827059918326,50.89324446392667,11.753480039061092,105359.71350285553,77.46395765500874,67.75597281679595,70.22000122070312,46.15999984741211,0.0,52.123053407332065,4950184.4,-4.874493160295213
NFLX,"Netflix, Inc.",ok,Communication Services,Movies & Entertainment,2025-10-17,1199.3599853515625,5890.0,False,False,1.3323887483551067,-1.3156696059228534,-1.6982469550705592,-0.6971504529855732,-2.7496033830917477,69.88583508490179,1055.4254957708229,821.9339750680488,577.8460742318706,188.4824090057905,100144.9766021075,54.836918281845804,48.18382048646969,1339.1300048828125,687.6500244140625,-10.43737493907332,74.41430128262138,2969124.2,-1.9884718867604234
NVDA,Nvidia,ok,Information Technology,Semiconductors,2025-10-17,183.22000122070312,6727.0,False,False,0.7755369237354204,1.7719282691974758,0.03275691056681129,3.9605058499670776,6.914647383960371,39.26483513348194,144.38164267976921,116.408274004047,60.12869560794466,12.258045998379927,487096.8829856628,59.75518633394683,51.526626180625605,192.57000732421875,94.29813385009766,-4.855380250245082,94.29865018533809,181364879.35,-6.222314039214782
NXPI,NXP Semiconductors,ok,Information Technology,Semiconductors,2025-10-17,214.35000610351562,3824.0,False,False,-1.4074778101515029,-0.8143975298992356,4.372601256188369,-5.368411415926877,-5.66519517722508,-6.207169792651001,212.62931945314446,221.60614180517481,192.8477890840761,106.33867232595028,1615.253490703223,42.57843262327125,41.009175574823736,250.84445190429688,152.0866241455078,-14.548635827395037,40.939420088934156,2127362.75,-8.597863716472421
ORLY,O'Reilly Automotive,ok,Consumer Discretionary,Automotive Retail,2025-10-17,101.5999984741211,8179.0,False,False,0.4250274913099483,-1.4070883403161427,-0.5384268659246905,-2.0156272717479995,7.912901569305242,28.067220862020893,91.086685454228,80.3904095947387,59.788554149068844,14.28707187877029,63234.93023902589,32.915002603529345,28.734790971463653,107.81999969482422,76.4393310546875,-5.768875197837446,32.91586552665241,4280166.4,0.667301159132494
ODFL,Old Dominion Freight Line,ok,Industrials,Cargo Ground Transportation,2025-10-17,138.0399932861328,8557.0,False,False,-0.04345605700974975,1.9271954157155546,2.7771541920487586,-3.0549941162734906,-15.284338043489665,-31.04164772137822,171.07022088647363,183.13755149158757,159.83845950691563,32.979208294780676,25011.30247097173,48.479021750620284,44.415491013453405,230.36553955078125,134.30999755859375,-40.07784603751309,2.7771541920487515,2045821.85,-20.55334632387469
ON,Onsemi,ok,Information Technology,Semiconductors,2025-10-17,52.529998779296875,6405.0,False,False,-0.8306634534006374,6.035522423319883,14.844767931057223,1.3505632327081463,-13.245252780870242,-24.22100546659548,52.95561745632217,63.28745525352524,61.32138530008353,19.744227058695778,118.87499491373697,60.70631949571755,56.22471906259617,74.69999694824219,31.950000762939453,-29.678713620706525,64.41313779318992,8098177.2,-0.8401051041461605
PCAR,Paccar,ok,Industrials,Construction Machinery & Heavy Transportation Equipment,2025-10-17,94.69000244140625,11492.0,False,False,-0.4939062658845472,-0.4415920158238329,1.8172069262432755,-6.63576794423546,2.251050751789263,-7.316960973260899,99.94909759156732,98.47372025476535,73.30497011561303,16.951235029545607,42488.745312803374,32.19147309162673,30.484143047011926,113.97952270507812,85.82152557373047,-16.92367173144205,10.333627616601559,2713984.45,56.64750768929423
PLTR,Palantir Technologies,ok,Information Technology,Application Software,2025-10-17,178.14999389648438,1269.0,False,False,0.016841893172703237,-0.8846175298131698,1.5446827504366878,0.6667755368943373,17.36609906863982,319.86800050706796,113.51948216046945,68.79654078739537,37.10402866761396,36.822710800772114,1775.2630936472042,71.45311943444642,49.29771842630729,187.0500030517578,41.40999984741211,-4.758090890172696,330.21008102616,50174888.75,-16.07380494690185
PANW,Palo Alto Networks,ok,Information Technology,Systems Software,2025-10-17,207.88999938964844,3331.0,False,False,1.1580969035222877,0.1589910555676921,-0.31647262165015455,1.0744879388200346,4.00740159653894,11.040486077434974,189.43938236312562,172.0689262860338,118.31804662753062,59.62910634896591,2247.7132708822915,39.16450308087852,54.2782393764929,217.7899932861328,152.44000244140625,-4.54566059124569,36.374964615705544,5237868.25,-17.91574749899446
PAYX,Paychex,ok,Industrials,Human Resource & Employment Services,2025-10-17,126.55999755859375,10620.0,False,False,0.05534010277998824,-1.5786599557579328,0.8044559795188366,-3.4703707044286047,-11.285578080909442,-8.54705651518628,142.0258057430921,130.16753985061797,113.7212221789512,28.415725612869792,136748.57878555616,33.79371728546279,44.04833029079309,158.57713317871094,123.41999816894531,-20.190260082476698,2.544157702344317,3265023.6,-30.142250732889043
PYPL,PayPal,ok,Financials,Transaction & Payment Processing Services,2025-10-17,67.41000366210938,2589.0,False,False,2.059047006077863,-2.516265835682374,-3.479371138601983,-1.6199548093079996,-9.903763783665775,-15.26084088488313,74.77356589267929,69.0481709808289,117.63002798056147,97.75587879842476,83.62845367278146,38.13838147701147,45.369241414903264,91.80999755859375,57.40999984741211,-26.5766196986468,17.418574884647104,16211239.05,-31.318136968685316
PDD,PDD Holdings,ok,Consumer Discretionary,Broadline Retail,2025-10-17,128.47999572753906,1818.0,False,False,0.8873162677325075,1.0857570967626406,3.3877840172192197,-3.369442509106668,15.063578285675238,0.2105834174663368,113.10278885677991,121.26119288298528,101.99055724538815,82.5068536345059,381.19847212092156,71.66150245227605,44.98856466463915,135.24000549316406,88.3499984741211,-4.998528165518816,45.42161623825334,7899658.95,-20.563925104640123
PEP,PepsiCo,ok,Consumer Staples,Soft Drinks & Non-alcoholic Beverages,2025-10-17,153.7100067138672,13458.0,False,False,0.6812134390484559,1.4319740820081917,2.418713245285531,9.22334355176002,9.536803614597233,-9.237052691140024,143.44062185097502,152.35884703983132,149.77905881480805,36.5572804044027,40178.56379034522,24.22722986182253,74.65406547389502,168.54449462890625,125.82501220703125,-8.801526236559063,22.16172604931223,7762507.25,-24.55343600484238
QCOM,Qualcomm,ok,Information Technology,Semiconductors,2025-10-17,163.4499969482422,8522.0,False,False,-0.383962015956818,1.0572470613341212,6.419689332279188,-2.78356497867962,3.4032691771570756,-3.9985248272206175,156.12728669063978,157.40067480857044,138.36812269004287,43.28448963908243,47616.431894002766,48.28030536561356,47.378850587435636,173.5500030517578,123.21443939208984,-5.819651930806074,32.65490453445621,7300877.9,-33.94139628057607
REGN,Regeneron Pharmaceuticals,ok,Health Care,Biotechnology,2025-10-17,578.0499877929688,8701.0,False,False,1.560167463050166,0.9518009848767939,2.3767746655513955,-3.4507580333490884,6.122060913137939,-42.89120635369535,640.1273988518582,804.8765105897817,708.9242909911331,203.0814480476031,2648.061869157421,63.37181599907441,56.735700689389674,1003.6574096679688,482.33758544921875,-42.40564736285861,19.843446837054906,1130270.6,-37.244054653814764
ROP,Roper Technologies,ok,Information Technology,Electronic Equipment & Instruments,2025-10-17,504.5199890136719,8480.0,False,False,0.88785845477235,-1.8099759016737882,-0.8801593293375487,-0.7174992219960319,-8.434731826670527,-8.728851868340758,547.7331845712852,541.2302371682988,476.281790642222,138.25796166366,30694.65362221075,33.65386602259706,53.58124678267778,591.1189575195312,494.2092590332031,-14.650006974780204,2.0863085407665403,915046.1,-28.624142543200826
ROST,Ross Stores,ok,Consumer Discretionary,Apparel Retail,2025-10-17,156.30999755859375,10127.0,False,False,0.7087112925356687,0.6762869308948538,5.822212750545619,6.995688600789163,16.94432184971437,8.073528044918543,141.8221363812329,139.69294646246058,117.6963614445583,29.118236256496825,37891.30335641349,41.26173598785704,57.8649664268805,156.99000549316406,122.2246322631836,-0.4331536472236907,27.887476251116794,2337377.5,6.878328382984766
SHOP,Shopify,ok,Information Technology,Application Software,2025-10-17,157.75999450683594,2620.0,False,False,0.7600352091400309,3.1920391602316522,4.462978442389076,3.714413170609032,22.837346027962212,92.55461237544964,114.37665332930972,92.53188860914105,86.58587652710592,52.55011753694702,9179.999416575729,61.31587408739523,59.05707188200367,166.42999267578125,76.88999938964844,-5.2093964732878115,105.17622026158435,8689442.85,-12.670384845214787
SBUX,Starbucks,ok,Consumer Discretionary,Restaurants,2025-10-17,85.36000061035156,8387.0,False,False,1.2093956802825767,5.187922372533871,8.79429213152314,2.3255843730388026,-7.270435543526421,-7.895785795890198,92.18966726477878,89.23439118402379,91.06947540477583,28.523500611653585,33679.74264851137,37.529422645713474,49.25214006132859,114.24659729003906,78.45999908447266,-25.284426289172345,8.79429213152314,9518783.9,-10.581245572766917
SNPS,Synopsys,ok,Information Technology,Application Software,2025-10-17,447.6400146484375,8472.0,False,False,1.690141352814667,0.8743475746860963,1.9866948313895572,-6.763027575722824,-24.31609947947888,-13.509541548801884,508.0259365370549,525.2131026705976,405.0844828976188,90.99825255897835,5584.317646329365,40.330655090959624,37.896399000159626,645.3499755859375,380.8999938964844,-30.636084050052332,17.52166495704665,2683936.75,-11.57634396563183
TMUS,T-Mobile US,ok,Communication Services,Wireless Telecommunication Services,2025-10-17,229.3300018310547,4656.0,False,False,1.2718061036100403,-0.039227765063598596,0.23602804351958717,-3.977724710951591,-1.0668507352264989,7.172026859018676,238.99075998253082,203.10719393356658,159.257431005976,71.52789247138394,420.22591833841955,40.23873840611857,38.27762481667467,270.87200927734375,209.0847625732422,-15.336397273796761,9.682790371068103,4133283.55,-25.9336804996115
TTWO,Take-Two Interactive,ok,Communication Services,Interactive Home Entertainment,2025-10-17,261.3500061035156,7174.0,False,False,0.8178046627862479,1.4085072425961576,3.722667316493933,4.648834930320911,12.830808010274497,67.47837295256731,214.0310755269936,183.17071569605804,162.29289021461634,54.30528286721735,6573.177473862944,51.09403419340167,52.074032788915666,261.5,154.7899932861328,-0.05735904263264818,68.84166770419338,1558988.9,-35.74822758519961
TSLA,"Tesla, Inc.",ok,Consumer Discretionary,Automobile Manufacturers,2025-10-17,439.30999755859375,3851.0,False,False,2.462973191508744,2.346008655605525,6.244409280520524,5.388027138351692,33.736190026718795,100.07741627020361,335.8201988189819,271.96306153557174,254.58528920799304,94.59037164365184,27483.292808919352,57.929851256820875,48.86759787199315,479.8599853515625,213.64999389648438,-8.450379075317226,105.62134804995313,91164416.9,-3.6373609493245196
TXN,Texas Instruments,ok,Information Technology,Semiconductors,2025-10-17,176.5800018310547,13458.0,False,False,0.626855556358441,1.5177643742633418,2.84216946391882,-2.7750211549564474,-17.110359819928878,-8.98227984058062,186.58400480110808,179.3176783112361,166.7289147407386,30.848272473386217,25061.37634860844,37.532440698557856,40.6836740801546,219.6623077392578,143.34217834472656,-19.612971543275606,23.18774827489631,6518044.4,-22.107189082664124
TRI,Thomson Reuters,ok,Industrials,Research & Consulting Services,2025-10-17,158.52999877929688,5877.0,False,False,1.3813415166321397,2.489013631895798,4.695549264515675,-1.2950637090780481,-21.802431545284218,-5.034181370124957,174.92475678341322,163.89740513522867,127.68247284858849,49.8891068528821,861.6231324418001,23.56946013209021,54.97672079953261,213.4730224609375,150.10000610351562,-25.737689497367004,5.616250721513997,1345790.3,-15.513880580057682
TTD,Trade Desk (The),ok,Communication Services,Advertising,2025-10-17,49.97999954223633,2282.0,False,False,0.16031666114466603,-1.4784151523115519,-4.5454565324139935,13.771908024202183,-37.54841896215828,-57.528892409394295,82.34065743556536,84.42293237644446,74.8900191191655,48.29410145128118,1560.4651063319143,69.20490395147903,51.58582199095219,139.50999450683594,43.93000030517578,-64.17461005649504,13.771908024202183,13876616.3,-34.852807020397336
VRSK,Verisk Analytics,ok,Industrials,Research & Consulting Services,2025-10-17,232.33999633789062,4033.0,False,False,1.431938712239722,-4.528272618681195,-4.410434184308299,-5.294911097791277,-22.306234172710138,-13.285630456581753,283.45930736283384,265.3226641129784,221.1513672603923,120.48162319203213,791.2332979365847,22.065604998303318,29.999970299154356,320.31866455078125,229.05999755859375,-27.46598245727359,1.431938712239726,1225381.6,75.67849884476803
VRTX,Vertex Pharmaceuticals,ok,Health Care,Biotechnology,2025-10-17,416.80999755859375,8622.0,False,False,2.0068066129064643,1.1134821998685984,2.2119200629404867,7.672241308903072,-9.090709407739716,-13.935575456430938,448.76557685274526,440.28550717181287,333.54994450708864,93.81139427452513,9162.444390190973,55.219374735843616,63.97192573289385,516.739990234375,366.5400085449219,-19.33854444484866,13.714734501489204,1529556.15,-35.88839481309659
WBD,Warner Bros. Discovery,ok,Communication Services,Broadcasting,2025-10-17,18.190000534057617,5103.0,False,False,-0.5467489145111526,1.167969950877823,6.374269755976503,-2.7272738399699903,42.10937705473039,139.34211529357955,11.227131494012962,10.07660038949955,17.532786619891027,21.319734787254177,156.39744188625602,41.273304703507904,43.149285290523444,19.81999969482422,7.329999923706055,-8.224012037660417,148.15826362056407,33128797.05,-38.32211604556285
WDAY,"Workday, Inc.",ok,Information Technology,Application Software,2025-10-17,234.25,3272.0,False,False,2.9217898585907287,-1.2353456304328603,0.45887612909676356,0.3211991434689532,0.23105270233205744,-4.321366561258055,245.91753050055638,248.32554696236642,228.47847133077633,155.5075549799539,381.1049632511219,38.37254779987277,38.29675510141172,279.9100036621094,210.47000122070312,-16.312387219010365,11.298521709210561,2686235.05,-23.848771163938164
XEL,Xcel Energy,ok,Utilities,Multi-Utilities,2025-10-17,81.16000366210938,13278.0,False,False,0.07398913577960631,0.38343252175510045,0.28420036583007846,12.456707387076605,14.287599008371888,32.2018791455212,68.92084519891625,61.94855863294355,60.714664832801574,14.934040798810003,7750.937196142357,22.21145016775962,56.94618177234819,81.8499984741211,61.02317810058594,-0.8429991751678257,32.99865098525586,5282596.1,-6.893847137016584
ZS,Zscaler,no_data,Information Technology,Application Software,,,,,,,,,,,,,,,,,,,,,,,,
