ticker,company_name,status,sector,industry,last_date,last_close,pe_ratio,data_points,rising_7day,declining_7day,pct_1d,pct_3d,pct_5d,pct_21d,pct_63d,pct_252d,avg_1y,avg_2y,avg_5y,avg_max,cum_return_from_start_pct,ann_vol_pct,rsi,pct_from_52w_high,pct_from_52w_low,avg_volume_20d,volume_vs_avg,high_52w,low_52w
MMM,3M,ok,Industrials,Industrials,2026-08-12,181.6750030517578,32.326515,752,False,False,-0.7945185345163752,-0.6697599155852774,-0.222429028572102,16.02695167150394,27.515234351655682,19.163866952456377,157.9378200712658,147.40063335221126,126.51747488468251,126.51747488468251,130.545217396945,30.17255823727233,68.7219437842673,-0.7945185345163749,29.330435390902878,3688254.25,-86.20797359618037,183.1300048828125,140.4735107421875
GOOGL,Alphabet (Class A),ok,Communication Services,Communication Services,2026-08-12,343.5400085449219,17.228184,752,False,False,-0.07561933021458245,-3.0369685630173837,-5.21203667262653,-4.442157599760421,-11.257208058457213,71.40301100914301,310.3364510309128,241.60189828454736,210.64803953373686,210.64803953373686,163.90485740860453,30.62286104030471,62.12363617626979,-14.622920875464926,72.84770454087786,32195365.75,-76.33288262923368,402.3796691894531,198.7530059814453
AXP,American Express,ok,Financials,Financials,2026-08-12,340.3999938964844,20.630302,752,False,False,-0.12030270973458768,-0.14960246403636912,-2.4613875980000866,-4.128880685774838,8.597179646300134,16.13983976693372,335.17292046925377,308.405803026906,270.2228022027523,270.2228022027523,112.22535080494254,27.284202752503745,49.649567805154064,-10.839067712489104,17.1556666099491,2790729.75,-86.39800217129587,381.78155517578125,290.5535888671875
AMGN,Amgen,ok,Health Care,Health Care,2026-08-12,414.79998779296875,25.732008,752,False,False,0.12068549715957833,0.9368476631162359,1.709045791184871,16.762839632081274,24.277356388122804,49.87127348339611,332.111451527429,308.6074304770663,294.91634305994563,294.91634305994563,74.28488229182335,26.22442128636426,75.92192149617945,-0.5752694975645188,56.29095012629492,2638078.55,-90.4562735631962,417.20001220703125,265.4024353027344
AMZN,Amazon,ok,Consumer Discretionary,Consumer Discretionary,2026-08-12,269.2857971191406,21.644695,752,False,False,-1.096041434952788,-1.892383291782307,-1.2338884477001044,8.806736087198708,1.3038107363734674,21.68359394742523,234.82514202783977,219.8929598986865,200.7060716710192,200.7060716710192,91.567036414848,32.273856054370704,69.62330996124375,-5.187730605053291,35.462450935112265,48417387.85,-80.34516643177395,284.0199890136719,198.7899932861328
AAPL,Apple,ok,Information Technology,Information Technology,2026-08-12,302.5249938964844,34.688072,752,False,False,-0.7822012190416672,-3.3651708120701618,-2.641192598713016,-3.8347501979445586,2.7089267963863684,33.657240522964194,271.8628159780351,246.3118226252704,226.16427624479255,226.16427624479255,70.85513840097654,26.89497882096406,37.50620712634717,-10.966264294550687,35.01224395293092,53935492.35,-80.91229624234624,339.78692626953125,224.072265625
BA,Boeing,ok,Industrials,Industrials,2026-08-12,230.42999267578125,82.88849,752,False,False,-1.2047730883221752,-1.702075558540228,-4.063453793421701,6.13513519781852,-2.718791984700364,1.9782199633116448,219.8000002664233,198.8464542404114,198.92627669395284,198.92627669395284,-2.653041214973717,34.640845500493725,64.99291988146061,-8.613920978169794,28.64560013248364,6147010.55,-83.06150621459402,252.14999389648438,179.1199951171875
CAT,Caterpillar,ok,Industrials,Industrials,2026-08-12,861.0549926757812,36.86023,752,False,False,2.0969441242851383,2.23999218462434,-1.1508729642949134,-7.573623055798306,-5.425448972737501,112.66115092779718,688.3580993167938,524.0638487918443,448.729834414543,448.729834414543,215.6395041912355,32.19732384517075,43.75501142183001,-18.992178933398627,113.05226140435435,3079889.15,-72.93139592377862,1062.92822265625,404.1520080566406
CVX,Chevron,ok,Energy,Energy,2026-08-12,196.80499267578125,18.95472,752,False,False,0.07372572509507513,5.49152832936215,5.576411570976658,8.277398010363314,6.8069779809460496,33.625120645620356,170.12469863891602,155.61843539234175,150.53894332114686,150.53894332114686,36.138458355675084,23.02402540737118,52.774219106920924,-5.940054543603524,36.66128581941015,7547041.35,-83.60248814590105,209.23358154296875,144.0093231201172
CSCO,Cisco,ok,Information Technology,Information Technology,2026-08-12,123.43000030517578,41.83051,752,False,False,2.4910736464318184,1.6470394424554335,1.5884776174286186,5.414641869993386,24.77766804325434,78.27338514777165,86.01851118178595,71.89256127042124,63.566283520231856,63.566283520231856,147.95545628410673,25.72519695269454,73.06528957078122,-4.698656102956587,90.31089617020045,19034032.6,-75.27191374044405,129.51548767089844,64.8570327758789
KO,Coca-Cola,ok,Consumer Staples,Consumer Staples,2026-08-12,86.58999633789062,26.003002,752,False,False,0.1271889184636832,-0.5284396297995264,-0.27640848566494736,4.224836819302924,8.895473423496814,25.854839704110066,74.10193034580776,69.90163293967684,65.30702940453874,65.30702940453874,55.3579985108277,16.45726710502842,73.36204878074447,-2.7952463425926957,34.558567146059076,16917913.95,-84.7423328453565,89.08000183105469,64.35115814208984
DIS,Disney,ok,Communication Services,Communication Services,2026-08-12,103.0199966430664,21.241238,752,False,False,-0.4926129066394336,-1.801550808376906,1.238202123019927,7.458009483304506,-2.214226512885442,-7.141943015993646,105.47022979978532,104.25101376719684,100.95554251366474,100.95554251366474,19.641971738239008,27.44721584868106,75.3104724350658,-12.071559215797409,12.323509787707234,11458160.0,-83.32280226493609,117.1634521484375,91.71721649169922
GS,Goldman Sachs,ok,Financials,Financials,2026-08-12,1045.155029296875,16.14139,752,False,False,1.0387558861712387,0.5333773264439401,-1.4358037228003107,-8.319734272203949,10.980143717037837,48.2390583379287,887.5804632277716,727.8632212483076,609.1357603681848,609.1357603681848,231.98188814647992,29.527646083879855,43.77147359801836,-9.280245295571818,48.92025160168789,1896186.0,-78.10763290099179,1152.0699462890625,701.8219604492188
HD,Home Depot,ok,Consumer Discretionary,Consumer Discretionary,2026-08-12,344.4258117675781,24.476902,752,False,False,-2.836323320678802,-3.147793572720947,-2.467633946703729,1.9795765164094092,11.772605981569928,-8.759773779532132,354.3721824524895,361.9413411417805,347.2895945691048,347.2895945691048,12.63197361695283,22.746607006016138,62.05649935131149,-16.964587757208925,16.637833123024155,3660580.1,-72.06175054057688,414.79388427734375,295.29510498046875
HON,Honeywell Technologies,ok,Industrials,Industrials,2026-08-12,229.97000122070312,8.845,752,False,False,-0.06518073164741844,-6.595997339798365,-7.315006550726433,3.2737600074991935,0.8883897494818882,9.8320641439122,223.11280592661055,215.47705850183252,205.60775525519188,205.60775525519188,30.229858558682498,22.932352447799172,33.82294905208067,-11.110512144005638,17.771939792606613,3406562.25,-86.02271248675993,258.7145080566406,195.26722717285156
IBM,IBM,ok,Information Technology,Information Technology,2026-08-12,232.7100067138672,20.685333,752,False,False,-2.3949297453781604,-1.222458367838708,-0.6530397888572681,7.974086586805407,6.9151295848512095,1.0409329890941121,263.0760841369629,246.63146641339912,216.26291239515265,216.26291239515265,79.87009295619963,34.723461689594416,74.83317725958725,-28.80984609719895,13.90355504154625,9520406.6,-84.9719443705272,326.8851013183594,204.30442810058594
JNJ,Johnson & Johnson,ok,Health Care,Health Care,2026-08-12,259.9750061035156,30.124565,752,False,False,0.0673665584181471,0.2835271936540762,0.9258937845150195,2.412842171649321,16.592415744215682,53.302702285397466,217.39148827204627,184.50088391550983,171.2740540403001,171.2740540403001,63.610847966090375,17.826575550928204,51.11394636547393,-2.7185243213367256,54.22549260994561,7670438.1,-85.4928494892619,267.239990234375,168.568115234375
JPM,JPMorgan Chase,ok,Financials,Financials,2026-08-12,364.55499267578125,15.61543,752,False,False,0.6946702219368994,1.967723170253377,1.4795130235747633,6.31834614652067,20.11194203933757,28.308194751321423,308.86803254627046,274.82125653878626,238.85818112150153,238.85818112150153,151.61645952332105,23.056911812386456,66.02163954772479,0.0,30.134130641148516,7014628.15,-85.22283750707442,364.55499267578125,280.13787841796875
MCD,McDonald's,ok,Consumer Discretionary,Consumer Discretionary,2026-08-12,273.44500732421875,22.213242,752,False,False,-0.257153597651294,-0.3770779731428031,-0.20255207145301046,1.6750966170582915,0.16720533009051408,-7.977457560902668,297.3644519382053,293.66012597558984,282.10142186347474,282.10142186347474,1.6127404362469067,17.992698300349772,64.3405931997132,-18.830285944173983,4.050616448139276,4492838.85,-70.9186765067258,336.8805847167969,262.79998779296875
MRK,Merck,ok,Health Care,Health Care,2026-08-12,132.5,105.948,752,False,False,1.5948488423993545,3.048684175705585,3.2494335770641314,9.703594418906448,18.76197609571124,71.09799300457414,105.95766482277521,97.76790773916055,101.44292968384762,101.44292968384762,33.43551046744502,25.196746580946822,58.04138076818412,0.0,74.7298570150249,8326210.0,-76.45507379708174,132.5,75.83134460449219
MSFT,Microsoft,ok,Information Technology,Information Technology,2026-08-12,494.5115966796875,27.5733,752,False,False,-1.8456165864046414,-1.0957006463508279,1.4466018438888062,28.467930815722276,21.53485554449439,-4.467194548527531,447.56461455330015,437.868460058691,419.47048053335635,419.47048053335635,56.21913234045224,26.128003780254254,87.06359761008927,-8.195714156703263,40.15577346014581,38255317.5,-78.42326102769897,538.6585083007812,352.8299865722656
NKE,Nike,ok,Consumer Discretionary,Consumer Discretionary,2026-08-12,40.689998626708984,19.752426,752,False,False,-1.5246879786258827,-2.4220674286608124,-4.146059139219194,-5.063000356370684,-3.0599890578678846,-43.519891498606135,56.62864839463007,63.39268749738594,72.90231587531719,72.90231587531719,-59.7616118292718,36.370181902217475,48.38360536326334,-47.193920565522895,0.0,19079333.75,-53.37953035178704,77.0555191040039,40.689998626708984
NVDA,Nvidia,ok,Information Technology,Information Technology,2026-08-12,224.19639587402344,34.383434,752,False,False,3.0788027007004226,0.10554972007044139,2.2700459016557817,5.852876602289903,1.6657747605657747,23.30824915946421,191.28657955593533,162.32269817519472,133.1212891568529,133.1212891568529,413.4120000146759,46.8575988225122,61.46555663552486,-4.785914137031127,35.89495171097246,121715692.85,-64.18772634871462,235.465576171875,164.97772216796875
PG,Procter & Gamble,ok,Consumer Staples,Consumer Staples,2026-08-12,144.14999389648438,21.77568,752,False,False,-0.7299860673318115,-1.124905319413605,-1.805183310751779,-0.5845581433722824,0.9145103570479707,-4.252812740488821,146.75542637658498,153.02398933927375,150.90226313408385,150.90226313408385,0.1319934229054187,17.80230443676097,45.04550381753402,-12.488251655513807,6.750588980557682,7974131.7,-79.08318970954544,164.72073364257812,135.0343780517578
CRM,Salesforce,ok,Information Technology,Information Technology,2026-08-12,193.02999877929688,22.375435,752,False,False,-2.2484440238818126,0.15045827429069902,0.02591100262454571,15.200526135002224,12.969592081492621,-16.338419790944158,210.53551670861623,248.02754989563232,248.3326591126462,248.3326591126462,-7.399076714828789,36.057969231929185,74.78715847395297,-27.126088709245376,28.583802996138342,11924969.8,-81.63688431311583,264.8821716308594,150.1199951171875
SHW,Sherwin-Williams,ok,Materials,Materials,2026-08-12,360.8500061035156,33.350277,749,False,False,-0.9796408519497257,-2.4017538795737314,-2.388548676479163,8.679940797571017,12.983863369817005,3.846279164556332,336.2262845326619,344.3907901251722,326.73039866958027,326.73039866958027,33.95036295515814,24.463310285689815,65.80399139448141,-3.1439486618407653,23.156998670141853,2031183.8,-81.51442523320637,372.5632019042969,293.0
TRV,Travelers,ok,Financials,Financials,2026-08-12,373.5299987792969,10.037076,752,False,False,-0.5537623208602405,-2.805026891774598,-2.3323344601975604,10.895708122815062,25.759935968403404,43.59820058646127,296.2833293127635,271.0569247971493,243.68656111778097,243.68656111778097,137.05377980111223,22.193803876455533,47.93904456496946,-5.963950044963528,44.49157799613149,2101212.0,-89.23763999063398,397.2200012207031,258.5133361816406
UNH,UnitedHealth Group,ok,Health Care,Health Care,2026-08-12,404.135009765625,25.972687,752,False,False,0.48360409567915763,-0.7234393494600866,-2.0872175007571214,-4.951902103738382,2.536185426968518,64.42465569732157,340.07822533259315,399.5826732133964,428.24702392740454,428.24702392740454,-15.960999119293195,36.72649993269943,35.9797920882889,-7.382833937728475,58.64147168709428,5096800.7,-84.13290910119362,436.3500061035156,254.7473907470703
V,Visa,ok,Financials,Financials,2026-08-12,358.95001220703125,30.529343,752,False,False,-1.0666432498385503,-0.7953527781765279,-2.4212194433581247,1.010294105396814,10.169977474399605,7.906342067741123,332.23963879782053,326.05491413253236,303.0444904083901,303.0444904083901,51.18576348587291,20.11135306188341,59.47816229729466,-2.92956594801821,21.941796329660036,6534370.75,-86.72534765493678,369.7830505371094,294.36175537109375
WMT,Walmart,ok,Consumer Staples,Consumer Staples,2026-08-12,114.87999725341797,40.305267,752,False,False,1.4303329389301567,2.7089841936814407,2.2609943015198697,1.0378191177198737,-11.868053798027722,11.460111035583243,114.52549825395856,101.98899345853889,87.07512367025335,87.07512367025335,121.76144337455045,22.262769080695413,72.07084114636388,-14.396423348858564,20.323326041107887,21610260.15,-66.73384332210364,134.1999969482422,95.47608184814453
