Date,Open,High,Low,Close,Volume
2023-08-21,18.200000762939453,18.559999465942383,18.030000686645508,18.5,124400.0
2023-08-22,18.489999771118164,18.649999618530273,18.1200008392334,18.200000762939453,38400.0
2023-08-23,18.110000610351562,18.5,18.110000610351562,18.34000015258789,53000.0
2023-08-24,18.239999771118164,18.3799991607666,17.540000915527344,17.600000381469727,76100.0
2023-08-25,17.59000015258789,18.1200008392334,17.59000015258789,18.06999969482422,103100.0
2023-08-28,18.1299991607666,18.34000015258789,18.079999923706055,18.219999313354492,87800.0
2023-08-29,18.15999984741211,18.399999618530273,18.040000915527344,18.219999313354492,150500.0
2023-08-30,18.149999618530273,18.700000762939453,17.979999542236328,18.65999984741211,216900.0
2023-08-31,18.709999084472656,18.709999084472656,18.15999984741211,18.25,218300.0
2023-09-01,18.34000015258789,18.350000381469727,17.760000228881836,17.889999389648438,173700.0
2023-09-05,17.690000534057617,17.729999542236328,16.950000762939453,17.479999542236328,230100.0
2023-09-06,17.579999923706055,17.579999923706055,17.190000534057617,17.219999313354492,75100.0
2023-09-07,17.1299991607666,17.1299991607666,16.799999237060547,16.920000076293945,117300.0
2023-09-08,16.889999389648438,16.90999984741211,16.530000686645508,16.809999465942383,74700.0
2023-09-11,17.110000610351562,17.940000534057617,17.020000457763672,17.850000381469727,95400.0
2023-09-12,17.790000915527344,18.149999618530273,17.600000381469727,17.90999984741211,87800.0
2023-09-13,17.989999771118164,18.06999969482422,17.760000228881836,17.829999923706055,75400.0
2023-09-14,18.0,18.489999771118164,17.829999923706055,18.459999084472656,94500.0
2023-09-15,18.450000762939453,18.450000762939453,18.040000915527344,18.18000030517578,826000.0
2023-09-18,18.3700008392334,18.3700008392334,17.920000076293945,17.950000762939453,84600.0
2023-09-19,17.989999771118164,18.110000610351562,17.940000534057617,17.969999313354492,63600.0
2023-09-20,18.020000457763672,18.1200008392334,17.520000457763672,17.540000915527344,134800.0
2023-09-21,17.489999771118164,17.760000228881836,17.260000228881836,17.350000381469727,97000.0
2023-09-22,17.31999969482422,17.520000457763672,17.170000076293945,17.25,97800.0
2023-09-25,17.239999771118164,17.420000076293945,17.149999618530273,17.389999389648438,56900.0
2023-09-26,17.280000686645508,17.329999923706055,17.15999984741211,17.229999542236328,112000.0
2023-09-27,17.360000610351562,17.520000457763672,17.110000610351562,17.239999771118164,58800.0
2023-09-28,17.25,17.389999389648438,17.190000534057617,17.3799991607666,142800.0
2023-09-29,17.5,17.670000076293945,17.350000381469727,17.6200008392334,105000.0
2023-10-02,17.6299991607666,18.1299991607666,17.510000228881836,17.959999084472656,166300.0
2023-10-03,17.950000762939453,18.059999465942383,17.15999984741211,17.84000015258789,66400.0
2023-10-04,17.84000015258789,18.540000915527344,17.75,18.3700008392334,114700.0
2023-10-05,18.40999984741211,18.979999542236328,18.399999618530273,18.770000457763672,99500.0
2023-10-06,18.780000686645508,19.610000610351562,18.459999084472656,19.56999969482422,235900.0
2023-10-09,19.540000915527344,20.309999465942383,19.010000228881836,19.969999313354492,167400.0
2023-10-10,20.049999237060547,20.43000030517578,19.93000030517578,20.290000915527344,202400.0
2023-10-11,20.280000686645508,20.639999389648438,20.1299991607666,20.5,93800.0
2023-10-12,20.6200008392334,20.829999923706055,20.06999969482422,20.239999771118164,57100.0
2023-10-13,20.239999771118164,20.260000228881836,19.639999389648438,19.93000030517578,76000.0
2023-10-16,20.0,20.34000015258789,19.649999618530273,19.809999465942383,128500.0
2023-10-17,19.6299991607666,20.010000228881836,19.6200008392334,19.950000762939453,95200.0
2023-10-18,19.799999237060547,20.040000915527344,19.459999084472656,19.549999237060547,106300.0
2023-10-19,19.510000228881836,19.899999618530273,19.219999313354492,19.530000686645508,101500.0
2023-10-20,19.56999969482422,19.600000381469727,19.360000610351562,19.3700008392334,115800.0
2023-10-23,19.270000457763672,19.530000686645508,19.239999771118164,19.329999923706055,72800.0
2023-10-24,19.450000762939453,19.639999389648438,18.90999984741211,19.030000686645508,74000.0
2023-10-25,18.90999984741211,18.940000534057617,18.520000457763672,18.8700008392334,55700.0
2023-10-26,18.899999618530273,19.0,18.540000915527344,18.90999984741211,70900.0
2023-10-27,18.989999771118164,18.989999771118164,18.690000534057617,18.75,56900.0
2023-10-30,18.799999237060547,19.3700008392334,18.690000534057617,19.309999465942383,77700.0
2023-10-31,19.40999984741211,19.600000381469727,19.209999084472656,19.270000457763672,91100.0
2023-11-01,19.219999313354492,19.219999313354492,18.549999237060547,18.889999389648438,89900.0
2023-11-02,19.190000534057617,19.389999389648438,19.030000686645508,19.260000228881836,114800.0
2023-11-03,19.5,19.719999313354492,19.299999237060547,19.389999389648438,83900.0
2023-11-06,19.5,19.5,18.90999984741211,19.270000457763672,122400.0
2023-11-07,19.270000457763672,19.3799991607666,18.959999084472656,19.139999389648438,133300.0
2023-11-08,19.100000381469727,19.34000015258789,18.780000686645508,19.239999771118164,810200.0
2023-11-09,19.40999984741211,20.18000030517578,19.40999984741211,19.649999618530273,159700.0
2023-11-10,19.65999984741211,20.299999237060547,19.610000610351562,20.059999465942383,153600.0
2023-11-13,20.059999465942383,20.079999923706055,19.5,19.540000915527344,76000.0
2023-11-14,19.8700008392334,20.59000015258789,19.8700008392334,20.59000015258789,199900.0
2023-11-15,20.709999084472656,20.84000015258789,20.399999618530273,20.520000457763672,118700.0
2023-11-16,20.59000015258789,20.809999465942383,20.389999389648438,20.700000762939453,96100.0
2023-11-17,20.8700008392334,21.100000381469727,20.850000381469727,20.90999984741211,134900.0
2023-11-20,20.979999542236328,20.989999771118164,20.020000457763672,20.59000015258789,104600.0
2023-11-21,20.549999237060547,20.90999984741211,20.309999465942383,20.75,80300.0
2023-11-22,20.799999237060547,20.950000762939453,20.399999618530273,20.520000457763672,92600.0
2023-11-24,20.520000457763672,20.850000381469727,20.520000457763672,20.75,42900.0
2023-11-27,20.639999389648438,20.850000381469727,20.5,20.6299991607666,284700.0
2023-11-28,20.68000030517578,20.68000030517578,20.0,20.040000915527344,163400.0
2023-11-29,20.09000015258789,20.40999984741211,19.139999389648438,19.200000762939453,432000.0
2023-11-30,19.299999237060547,19.299999237060547,18.860000610351562,19.15999984741211,541700.0
2023-12-01,19.209999084472656,19.940000534057617,19.079999923706055,19.760000228881836,272400.0
2023-12-04,19.809999465942383,20.110000610351562,19.670000076293945,19.809999465942383,219200.0
2023-12-05,19.809999465942383,19.84000015258789,19.3799991607666,19.59000015258789,174300.0
2023-12-06,19.6200008392334,20.06999969482422,19.56999969482422,19.920000076293945,227500.0
2023-12-07,19.940000534057617,20.010000228881836,16.989999771118164,17.149999618530273,694000.0
2023-12-08,16.829999923706055,17.40999984741211,16.770000457763672,17.1200008392334,292300.0
2023-12-11,17.020000457763672,17.260000228881836,16.709999084472656,17.260000228881836,435000.0
2023-12-12,17.389999389648438,17.56999969482422,17.09000015258789,17.34000015258789,236600.0
2023-12-13,17.479999542236328,17.729999542236328,17.06999969482422,17.649999618530273,189100.0
2023-12-14,17.639999389648438,17.719999313354492,16.959999084472656,16.989999771118164,187900.0
2023-12-15,17.190000534057617,17.43000030517578,16.81999969482422,17.420000076293945,960600.0
2023-12-18,17.639999389648438,17.639999389648438,17.059999465942383,17.1299991607666,259900.0
2023-12-19,17.350000381469727,17.43000030517578,17.1299991607666,17.219999313354492,284200.0
2023-12-20,17.149999618530273,17.450000762939453,17.09000015258789,17.34000015258789,216800.0
2023-12-21,17.420000076293945,17.56999969482422,17.15999984741211,17.450000762939453,198000.0
2023-12-22,17.479999542236328,17.6299991607666,17.299999237060547,17.309999465942383,138400.0
2023-12-26,17.260000228881836,17.350000381469727,17.100000381469727,17.110000610351562,156400.0
2023-12-27,17.1299991607666,17.139999389648438,16.959999084472656,17.040000915527344,173500.0
2023-12-28,17.010000228881836,17.209999084472656,17.010000228881836,17.020000457763672,110700.0
2023-12-29,16.979999542236328,17.34000015258789,16.889999389648438,17.209999084472656,180200.0
2024-01-02,17.06999969482422,17.270000457763672,16.889999389648438,17.1299991607666,212900.0
2024-01-03,17.549999237060547,18.309999465942383,17.219999313354492,17.450000762939453,343700.0
2024-01-04,17.530000686645508,17.540000915527344,16.969999313354492,17.030000686645508,151000.0
2024-01-05,17.0,17.0,16.639999389648438,16.649999618530273,186300.0
2024-01-08,16.639999389648438,17.010000228881836,16.530000686645508,16.950000762939453,138800.0
2024-01-09,16.770000457763672,17.030000686645508,16.510000228881836,16.920000076293945,133700.0
2024-01-10,16.829999923706055,17.0,16.790000915527344,16.969999313354492,118500.0
2024-01-11,16.989999771118164,17.079999923706055,16.889999389648438,17.06999969482422,153000.0
2024-01-12,17.209999084472656,17.31999969482422,17.1299991607666,17.139999389648438,135500.0
2024-01-16,17.139999389648438,17.15999984741211,16.90999984741211,17.079999923706055,177500.0
2024-01-17,16.920000076293945,17.139999389648438,16.90999984741211,16.93000030517578,97500.0
2024-01-18,17.0,17.049999237060547,16.700000762939453,16.899999618530273,156200.0
2024-01-19,17.040000915527344,17.139999389648438,16.889999389648438,16.920000076293945,141800.0
2024-01-22,17.09000015258789,17.219999313354492,16.969999313354492,17.209999084472656,179100.0
2024-01-23,17.329999923706055,17.479999542236328,17.25,17.3700008392334,139800.0
2024-01-24,17.5,17.6200008392334,17.3799991607666,17.469999313354492,129700.0
2024-01-25,17.610000610351562,17.670000076293945,17.399999618530273,17.43000030517578,101200.0
2024-01-26,17.469999313354492,17.59000015258789,17.420000076293945,17.540000915527344,121900.0
2024-01-29,17.559999465942383,17.719999313354492,17.43000030517578,17.719999313354492,114000.0
2024-01-30,17.670000076293945,17.75,17.479999542236328,17.700000762939453,146800.0
2024-01-31,17.690000534057617,17.790000915527344,17.40999984741211,17.450000762939453,202000.0
2024-02-01,17.469999313354492,17.65999984741211,17.469999313354492,17.6200008392334,106000.0
2024-02-02,17.5,17.610000610351562,17.229999542236328,17.229999542236328,186200.0
2024-02-05,17.190000534057617,17.190000534057617,16.889999389648438,16.920000076293945,97300.0
2024-02-06,16.81999969482422,17.31999969482422,16.809999465942383,17.260000228881836,107600.0
2024-02-07,17.209999084472656,17.3799991607666,17.1299991607666,17.229999542236328,98700.0
2024-02-08,15.710000038146973,16.100000381469727,13.989999771118164,15.460000038146973,432900.0
2024-02-09,15.380000114440918,16.18000030517578,15.300000190734863,15.420000076293945,223000.0
2024-02-12,15.510000228881836,16.309999465942383,15.510000228881836,16.15999984741211,210800.0
2024-02-13,15.84000015258789,16.43000030517578,15.789999961853027,16.040000915527344,226700.0
2024-02-14,16.200000762939453,16.829999923706055,16.110000610351562,16.540000915527344,140000.0
2024-02-15,16.729999542236328,17.139999389648438,16.579999923706055,17.079999923706055,150900.0
2024-02-16,17.06999969482422,17.350000381469727,17.049999237060547,17.18000030517578,135800.0
2024-02-20,17.020000457763672,17.139999389648438,16.959999084472656,17.030000686645508,192200.0
2024-02-21,16.979999542236328,17.170000076293945,16.899999618530273,17.149999618530273,69900.0
2024-02-22,17.06999969482422,17.200000762939453,17.059999465942383,17.100000381469727,105100.0
2024-02-23,17.139999389648438,17.610000610351562,17.079999923706055,17.579999923706055,97700.0
2024-02-26,17.440000534057617,17.829999923706055,17.440000534057617,17.670000076293945,116300.0
2024-02-27,17.68000030517578,17.81999969482422,17.520000457763672,17.610000610351562,88400.0
2024-02-28,17.489999771118164,17.68000030517578,16.93000030517578,17.510000228881836,162600.0
2024-02-29,17.68000030517578,18.079999923706055,17.5,17.93000030517578,95500.0
2024-03-01,17.920000076293945,18.209999084472656,17.81999969482422,17.989999771118164,119500.0
2024-03-04,18.09000015258789,18.149999618530273,17.639999389648438,17.75,90500.0
2024-03-05,17.670000076293945,17.729999542236328,17.469999313354492,17.639999389648438,111200.0
2024-03-06,17.770000457763672,17.920000076293945,17.670000076293945,17.770000457763672,192500.0
2024-03-07,17.75,18.25,17.75,18.0,131000.0
2024-03-08,18.110000610351562,18.110000610351562,17.610000610351562,17.770000457763672,102000.0
2024-03-11,17.729999542236328,17.850000381469727,17.6200008392334,17.729999542236328,85000.0
2024-03-12,17.729999542236328,17.799999237060547,17.59000015258789,17.670000076293945,104000.0
2024-03-13,17.700000762939453,17.81999969482422,17.559999465942383,17.649999618530273,66000.0
2024-03-14,17.610000610351562,17.729999542236328,17.459999084472656,17.579999923706055,80100.0
2024-03-15,17.489999771118164,17.920000076293945,17.489999771118164,17.8700008392334,321400.0
2024-03-18,17.850000381469727,17.940000534057617,17.510000228881836,17.59000015258789,103600.0
2024-03-19,17.59000015258789,17.979999542236328,17.43000030517578,17.790000915527344,69600.0
2024-03-20,17.809999465942383,18.020000457763672,17.670000076293945,17.850000381469727,86300.0
2024-03-21,17.860000610351562,18.309999465942383,17.709999084472656,18.030000686645508,154800.0
2024-03-22,18.100000381469727,18.200000762939453,18.0,18.110000610351562,81900.0
2024-03-25,18.190000534057617,18.329999923706055,18.15999984741211,18.260000228881836,70600.0
2024-03-26,18.34000015258789,18.389999389648438,18.18000030517578,18.239999771118164,141000.0
2024-03-27,18.280000686645508,18.520000457763672,18.200000762939453,18.3799991607666,99000.0
2024-03-28,18.440000534057617,18.770000457763672,18.40999984741211,18.600000381469727,136500.0
2024-04-01,18.690000534057617,18.729999542236328,18.280000686645508,18.610000610351562,103100.0
2024-04-02,18.520000457763672,18.520000457763672,18.31999969482422,18.5,85900.0
2024-04-03,18.489999771118164,18.559999465942383,18.350000381469727,18.469999313354492,76100.0
2024-04-04,18.5,18.719999313354492,18.309999465942383,18.479999542236328,76400.0
2024-04-05,18.3700008392334,18.549999237060547,18.290000915527344,18.3700008392334,88300.0
2024-04-08,18.34000015258789,18.510000228881836,18.190000534057617,18.299999237060547,128500.0
2024-04-09,18.3799991607666,18.709999084472656,18.329999923706055,18.690000534057617,87000.0
2024-04-10,18.520000457763672,18.700000762939453,17.940000534057617,18.100000381469727,97400.0
2024-04-11,18.06999969482422,18.31999969482422,18.020000457763672,18.290000915527344,72200.0
2024-04-12,18.200000762939453,18.239999771118164,17.799999237060547,17.90999984741211,57400.0
2024-04-15,17.889999389648438,17.969999313354492,17.6299991607666,17.65999984741211,52500.0
2024-04-16,17.540000915527344,17.700000762939453,17.43000030517578,17.459999084472656,42600.0
2024-04-17,17.530000686645508,17.530000686645508,16.889999389648438,16.899999618530273,113900.0
2024-04-18,16.8799991607666,17.190000534057617,16.790000915527344,16.90999984741211,113100.0
2024-04-19,16.850000381469727,17.260000228881836,16.829999923706055,17.049999237060547,122700.0
2024-04-22,17.079999923706055,17.43000030517578,17.06999969482422,17.420000076293945,90100.0
2024-04-23,17.459999084472656,17.700000762939453,17.299999237060547,17.329999923706055,53500.0
2024-04-24,17.239999771118164,17.34000015258789,17.100000381469727,17.31999969482422,66200.0
2024-04-25,17.18000030517578,17.309999465942383,17.09000015258789,17.229999542236328,60600.0
2024-04-26,17.31999969482422,17.6200008392334,17.31999969482422,17.420000076293945,58400.0
2024-04-29,17.489999771118164,17.760000228881836,17.489999771118164,17.639999389648438,66200.0
2024-04-30,17.510000228881836,17.649999618530273,17.06999969482422,17.260000228881836,176900.0
2024-05-01,17.40999984741211,17.59000015258789,17.170000076293945,17.399999618530273,83500.0
2024-05-02,17.440000534057617,17.780000686645508,17.329999923706055,17.75,73100.0
2024-05-03,17.860000610351562,18.020000457763672,17.6299991607666,17.950000762939453,55000.0
2024-05-06,18.0,18.149999618530273,17.920000076293945,17.940000534057617,44000.0
2024-05-07,18.020000457763672,18.31999969482422,18.020000457763672,18.229999542236328,115600.0
2024-05-08,18.170000076293945,19.420000076293945,18.049999237060547,19.260000228881836,656300.0
2024-05-09,18.969999313354492,19.040000915527344,17.329999923706055,18.729999542236328,234900.0
2024-05-10,18.8700008392334,18.93000030517578,18.43000030517578,18.600000381469727,138900.0
2024-05-13,18.719999313354492,19.09000015258789,18.719999313354492,19.0,155200.0
2024-05-14,19.139999389648438,19.65999984741211,19.110000610351562,19.229999542236328,148800.0
2024-05-15,19.43000030517578,19.860000610351562,19.40999984741211,19.6200008392334,119000.0
2024-05-16,19.530000686645508,19.75,19.260000228881836,19.649999618530273,92700.0
2024-05-17,19.670000076293945,19.709999084472656,19.329999923706055,19.690000534057617,71400.0
2024-05-20,19.6299991607666,19.799999237060547,19.399999618530273,19.770000457763672,72100.0
2024-05-21,19.700000762939453,19.700000762939453,19.219999313354492,19.420000076293945,76200.0
2024-05-22,19.5,19.729999542236328,19.200000762939453,19.219999313354492,67100.0
2024-05-23,19.219999313354492,19.219999313354492,18.780000686645508,19.1200008392334,68300.0
2024-05-24,19.1200008392334,19.31999969482422,19.110000610351562,19.290000915527344,51400.0
2024-05-28,19.389999389648438,19.420000076293945,18.989999771118164,19.149999618530273,75100.0
2024-05-29,18.920000076293945,19.25,18.920000076293945,19.149999618530273,65300.0
2024-05-30,19.280000686645508,19.520000457763672,19.030000686645508,19.510000228881836,69900.0
2024-05-31,19.600000381469727,19.690000534057617,19.43000030517578,19.610000610351562,161100.0
2024-06-03,19.93000030517578,19.93000030517578,19.31999969482422,19.479999542236328,85300.0
2024-06-04,19.40999984741211,19.40999984741211,18.989999771118164,19.239999771118164,59700.0
2024-06-05,19.389999389648438,19.520000457763672,19.25,19.450000762939453,64500.0
2024-06-06,19.309999465942383,19.5,19.18000030517578,19.420000076293945,49200.0
2024-06-07,19.299999237060547,19.329999923706055,19.139999389648438,19.200000762939453,57800.0
2024-06-10,19.219999313354492,19.3700008392334,18.959999084472656,19.299999237060547,70700.0
2024-06-11,19.209999084472656,19.719999313354492,19.010000228881836,19.700000762939453,97500.0
2024-06-12,20.0,20.360000610351562,19.479999542236328,19.700000762939453,97200.0
2024-06-13,19.670000076293945,19.670000076293945,19.18000030517578,19.329999923706055,52800.0
2024-06-14,19.15999984741211,19.34000015258789,18.8700008392334,19.209999084472656,67700.0
2024-06-17,19.1200008392334,19.18000030517578,18.899999618530273,19.010000228881836,62200.0
2024-06-18,19.079999923706055,19.530000686645508,19.010000228881836,19.200000762939453,86800.0
2024-06-20,19.049999237060547,19.290000915527344,19.010000228881836,19.170000076293945,64000.0
2024-06-21,19.209999084472656,19.299999237060547,18.940000534057617,19.079999923706055,362300.0
2024-06-24,19.190000534057617,19.84000015258789,19.059999465942383,19.670000076293945,144800.0
2024-06-25,19.579999923706055,19.860000610351562,19.559999465942383,19.84000015258789,93500.0
2024-06-26,19.690000534057617,19.799999237060547,19.31999969482422,19.420000076293945,111200.0
2024-06-27,19.540000915527344,20.34000015258789,19.440000534057617,20.34000015258789,101000.0
2024-06-28,20.440000534057617,20.440000534057617,19.700000762939453,19.979999542236328,492200.0
2024-07-01,19.969999313354492,20.0,19.549999237060547,19.90999984741211,82800.0
2024-07-02,20.049999237060547,20.200000762939453,19.690000534057617,19.969999313354492,105300.0
2024-07-03,20.110000610351562,20.110000610351562,19.579999923706055,19.790000915527344,86900.0
2024-07-05,19.6299991607666,19.770000457763672,19.469999313354492,19.739999771118164,73200.0
2024-07-08,19.81999969482422,20.149999618530273,19.81999969482422,19.899999618530273,79400.0
2024-07-09,19.760000228881836,19.93000030517578,19.700000762939453,19.84000015258789,57200.0
2024-07-10,19.809999465942383,20.010000228881836,19.309999465942383,19.510000228881836,83300.0
2024-07-11,19.850000381469727,20.420000076293945,19.850000381469727,20.25,135800.0
2024-07-12,20.489999771118164,20.6200008392334,20.049999237060547,20.229999542236328,121500.0
2024-07-15,20.31999969482422,20.6200008392334,20.15999984741211,20.239999771118164,132400.0
2024-07-16,20.450000762939453,21.040000915527344,20.420000076293945,21.040000915527344,106400.0
2024-07-17,20.899999618530273,21.229999542236328,20.530000686645508,20.850000381469727,95700.0
2024-07-18,20.729999542236328,21.020000457763672,20.399999618530273,20.459999084472656,57600.0
2024-07-19,20.489999771118164,20.65999984741211,20.329999923706055,20.549999237060547,97300.0
2024-07-22,20.56999969482422,21.040000915527344,20.56999969482422,20.950000762939453,68100.0
2024-07-23,20.899999618530273,21.399999618530273,20.709999084472656,21.260000228881836,62300.0
2024-07-24,21.110000610351562,21.440000534057617,20.959999084472656,21.1200008392334,72400.0
2024-07-25,21.239999771118164,21.690000534057617,21.049999237060547,21.56999969482422,86300.0
2024-07-26,21.780000686645508,22.309999465942383,21.489999771118164,22.25,290100.0
2024-07-29,22.31999969482422,22.540000915527344,22.010000228881836,22.139999389648438,114400.0
2024-07-30,22.229999542236328,22.399999618530273,21.959999084472656,21.969999313354492,139100.0
2024-07-31,22.010000228881836,22.8700008392334,21.809999465942383,22.469999313354492,149200.0
2024-08-01,22.440000534057617,22.639999389648438,21.040000915527344,21.979999542236328,75400.0
2024-08-02,21.399999618530273,21.739999771118164,21.18000030517578,21.450000762939453,86700.0
2024-08-05,20.790000915527344,20.790000915527344,19.8700008392334,20.40999984741211,108100.0
2024-08-06,20.31999969482422,20.489999771118164,19.950000762939453,20.079999923706055,116200.0
2024-08-07,20.3700008392334,20.440000534057617,20.0,20.079999923706055,87600.0
2024-08-08,20.049999237060547,21.25,19.969999313354492,21.020000457763672,87400.0
2024-08-09,21.020000457763672,22.420000076293945,21.020000457763672,22.229999542236328,116200.0
2024-08-12,22.31999969482422,22.459999084472656,21.959999084472656,22.350000381469727,146400.0
2024-08-13,22.420000076293945,22.8700008392334,22.1299991607666,22.600000381469727,117300.0
2024-08-14,22.770000457763672,22.770000457763672,22.030000686645508,22.059999465942383,93800.0
2024-08-15,22.459999084472656,22.59000015258789,22.229999542236328,22.350000381469727,126600.0
2024-08-16,22.290000915527344,22.850000381469727,22.290000915527344,22.760000228881836,97600.0
2024-08-19,22.65999984741211,22.8700008392334,22.0,22.360000610351562,103900.0
2024-08-20,22.100000381469727,22.18000030517578,21.65999984741211,21.81999969482422,99600.0
2024-08-21,21.989999771118164,22.0,21.700000762939453,21.8700008392334,70600.0
2024-08-22,21.81999969482422,21.969999313354492,21.489999771118164,21.56999969482422,60200.0
2024-08-23,21.739999771118164,22.559999465942383,21.6200008392334,22.43000030517578,249800.0
2024-08-26,22.540000915527344,22.739999771118164,22.270000457763672,22.5,112100.0
2024-08-27,22.420000076293945,22.420000076293945,22.040000915527344,22.09000015258789,87700.0
2024-08-28,22.020000457763672,22.030000686645508,21.559999465942383,21.610000610351562,62300.0
2024-08-29,21.75,21.860000610351562,21.549999237060547,21.760000228881836,77100.0
2024-08-30,21.8799991607666,21.8799991607666,21.350000381469727,21.770000457763672,86000.0
2024-09-03,21.790000915527344,21.959999084472656,21.149999618530273,21.219999313354492,79200.0
2024-09-04,21.280000686645508,21.6299991607666,21.0,21.559999465942383,68700.0
2024-09-05,21.600000381469727,21.809999465942383,21.399999618530273,21.809999465942383,80700.0
2024-09-06,21.739999771118164,22.0,21.020000457763672,21.09000015258789,259600.0
2024-09-09,21.100000381469727,21.56999969482422,21.020000457763672,21.510000228881836,112700.0
2024-09-10,21.420000076293945,22.40999984741211,21.3799991607666,22.40999984741211,127200.0
2024-09-11,22.40999984741211,22.40999984741211,21.579999923706055,21.940000534057617,84000.0
2024-09-12,22.0,22.299999237060547,21.8700008392334,22.219999313354492,75500.0
2024-09-13,22.3700008392334,22.5,22.030000686645508,22.3799991607666,61300.0
2024-09-16,22.520000457763672,22.610000610351562,22.309999465942383,22.5,64000.0
2024-09-17,22.690000534057617,23.010000228881836,22.530000686645508,22.559999465942383,110900.0
2024-09-18,22.639999389648438,23.65999984741211,22.639999389648438,22.969999313354492,100200.0
2024-09-19,23.43000030517578,23.5,23.190000534057617,23.34000015258789,120900.0
2024-09-20,23.440000534057617,23.5,22.989999771118164,22.989999771118164,435100.0
2024-09-23,22.979999542236328,23.270000457763672,22.729999542236328,22.8799991607666,104200.0
2024-09-24,22.899999618530273,23.06999969482422,22.690000534057617,22.780000686645508,94500.0
2024-09-25,22.829999923706055,23.06999969482422,22.360000610351562,22.479999542236328,177500.0
2024-09-26,22.729999542236328,22.760000228881836,22.200000762939453,22.219999313354492,95600.0
2024-09-27,22.43000030517578,22.690000534057617,22.18000030517578,22.43000030517578,78000.0
2024-09-30,22.3700008392334,22.860000610351562,22.040000915527344,22.799999237060547,103000.0
2024-10-01,22.770000457763672,22.780000686645508,22.18000030517578,22.450000762939453,74700.0
2024-10-02,22.389999389648438,22.520000457763672,22.030000686645508,22.079999923706055,50300.0
2024-10-03,22.100000381469727,22.100000381469727,21.739999771118164,21.959999084472656,50900.0
2024-10-04,22.110000610351562,22.280000686645508,21.969999313354492,22.18000030517578,37900.0
2024-10-07,22.040000915527344,22.040000915527344,21.670000076293945,21.770000457763672,40400.0
2024-10-08,21.8799991607666,22.049999237060547,21.850000381469727,21.989999771118164,215500.0
2024-10-09,22.0,22.329999923706055,21.920000076293945,22.059999465942383,42100.0
2024-10-10,21.850000381469727,22.0,21.719999313354492,21.8700008392334,39100.0
2024-10-11,21.8700008392334,22.59000015258789,21.81999969482422,22.5,53400.0
2024-10-14,22.489999771118164,22.6200008392334,22.290000915527344,22.600000381469727,54200.0
2024-10-15,22.610000610351562,22.920000076293945,22.549999237060547,22.549999237060547,74500.0
2024-10-16,22.780000686645508,22.90999984741211,22.68000030517578,22.729999542236328,42200.0
2024-10-17,22.719999313354492,22.93000030517578,22.65999984741211,22.809999465942383,60100.0
2024-10-18,22.850000381469727,22.850000381469727,22.0,22.139999389648438,113300.0
2024-10-21,22.149999618530273,22.440000534057617,22.059999465942383,22.139999389648438,47600.0
2024-10-22,22.0,22.079999923706055,21.81999969482422,22.010000228881836,113500.0
2024-10-23,21.860000610351562,22.200000762939453,21.559999465942383,21.670000076293945,38900.0
2024-10-24,21.709999084472656,21.739999771118164,21.31999969482422,21.549999237060547,68900.0
2024-10-25,21.670000076293945,21.790000915527344,21.229999542236328,21.610000610351562,129300.0
2024-10-28,21.729999542236328,21.979999542236328,21.649999618530273,21.739999771118164,72700.0
2024-10-29,21.530000686645508,21.790000915527344,21.3799991607666,21.399999618530273,114100.0
2024-10-30,21.360000610351562,21.780000686645508,21.360000610351562,21.6200008392334,143400.0
2024-10-31,21.6200008392334,21.670000076293945,21.399999618530273,21.579999923706055,67300.0
2024-11-01,21.610000610351562,21.829999923706055,21.530000686645508,21.59000015258789,70100.0
2024-11-04,21.59000015258789,21.940000534057617,21.34000015258789,21.860000610351562,167500.0
2024-11-05,21.850000381469727,22.25,21.850000381469727,22.229999542236328,90400.0
2024-11-06,23.200000762939453,24.030000686645508,23.149999618530273,24.0,184600.0
2024-11-07,23.8700008392334,24.399999618530273,23.8700008392334,24.290000915527344,169700.0
2024-11-08,24.219999313354492,24.690000534057617,24.219999313354492,24.6200008392334,119700.0
2024-11-11,24.670000076293945,25.270000457763672,24.670000076293945,25.15999984741211,136500.0
2024-11-12,25.18000030517578,25.530000686645508,24.899999618530273,25.459999084472656,154100.0
2024-11-13,25.639999389648438,25.790000915527344,25.170000076293945,25.270000457763672,152400.0
2024-11-14,25.360000610351562,25.360000610351562,24.850000381469727,25.010000228881836,91900.0
2024-11-15,25.110000610351562,25.25,24.729999542236328,24.899999618530273,172300.0
2024-11-18,24.889999389648438,25.40999984741211,24.889999389648438,25.34000015258789,136500.0
2024-11-19,25.149999618530273,25.520000457763672,24.950000762939453,25.350000381469727,98500.0
2024-11-20,25.299999237060547,25.450000762939453,24.950000762939453,25.0,178900.0
2024-11-21,25.06999969482422,25.440000534057617,24.739999771118164,25.18000030517578,118200.0
2024-11-22,25.3799991607666,25.549999237060547,25.25,25.399999618530273,157300.0
2024-11-25,25.649999618530273,25.850000381469727,25.440000534057617,25.510000228881836,123200.0
2024-11-26,25.5,25.770000457763672,25.360000610351562,25.59000015258789,106700.0
2024-11-27,25.790000915527344,25.799999237060547,25.350000381469727,25.549999237060547,61100.0
2024-11-29,25.600000381469727,25.729999542236328,25.510000228881836,25.56999969482422,43700.0
2024-12-02,25.690000534057617,25.920000076293945,25.170000076293945,25.8700008392334,159600.0
2024-12-03,25.899999618530273,26.149999618530273,25.729999542236328,25.799999237060547,143100.0
2024-12-04,25.780000686645508,25.969999313354492,25.450000762939453,25.530000686645508,194100.0
2024-12-05,25.459999084472656,25.670000076293945,25.260000228881836,25.3700008392334,139900.0
2024-12-06,25.389999389648438,25.450000762939453,24.719999313354492,24.739999771118164,204900.0
2024-12-09,24.920000076293945,25.079999923706055,24.770000457763672,24.889999389648438,191500.0
2024-12-10,24.90999984741211,25.459999084472656,24.790000915527344,25.149999618530273,180700.0
2024-12-11,25.459999084472656,26.239999771118164,25.389999389648438,25.75,329200.0
2024-12-12,31.0,34.88999938964844,28.889999389648438,33.65999984741211,1474100.0
2024-12-13,34.70000076293945,35.79999923706055,33.400001525878906,35.540000915527344,1009300.0
2024-12-16,36.0,36.0,32.52000045776367,33.310001373291016,1091900.0
2024-12-17,32.810001373291016,32.900001525878906,30.270000457763672,31.15999984741211,674500.0
2024-12-18,31.229999542236328,31.68000030517578,30.469999313354492,31.100000381469727,368900.0
2024-12-19,31.270000457763672,32.45000076293945,30.860000610351562,31.40999984741211,390600.0
2024-12-20,30.920000076293945,31.780000686645508,30.43000030517578,30.959999084472656,1437000.0
2024-12-23,31.149999618530273,31.899999618530273,30.799999237060547,31.200000762939453,259800.0
2024-12-24,31.030000686645508,31.719999313354492,31.0,31.719999313354492,88000.0
2024-12-26,31.43000030517578,32.709999084472656,31.309999465942383,32.56999969482422,155200.0
2024-12-27,32.34000015258789,32.56999969482422,31.700000762939453,32.06999969482422,158700.0
2024-12-30,31.90999984741211,32.56999969482422,31.030000686645508,32.470001220703125,128400.0
2024-12-31,32.720001220703125,33.0,32.099998474121094,32.290000915527344,139000.0
2025-01-02,32.47999954223633,32.720001220703125,31.360000610351562,31.959999084472656,244500.0
2025-01-03,32.220001220703125,32.43000030517578,31.700000762939453,32.290000915527344,107200.0
2025-01-06,32.380001068115234,32.65999984741211,32.130001068115234,32.61000061035156,180500.0
2025-01-07,32.79999923706055,34.45000076293945,32.79999923706055,33.97999954223633,308800.0
2025-01-08,33.970001220703125,34.27000045776367,33.130001068115234,33.9900016784668,237900.0
2025-01-10,33.599998474121094,33.70000076293945,32.68000030517578,33.0099983215332,158200.0
2025-01-13,32.63999938964844,33.36000061035156,32.150001525878906,33.16999816894531,202300.0
2025-01-14,33.279998779296875,34.560001373291016,33.279998779296875,34.54999923706055,281500.0
2025-01-15,35.0,35.83000183105469,34.880001068115234,35.7400016784668,305200.0
2025-01-16,35.9900016784668,36.11000061035156,34.45000076293945,34.45000076293945,165100.0
2025-01-17,34.63999938964844,34.720001220703125,33.86000061035156,34.560001373291016,192300.0
2025-01-21,35.02000045776367,35.970001220703125,34.470001220703125,35.90999984741211,330800.0
2025-01-22,35.5,36.63999938964844,35.5,35.869998931884766,395500.0
2025-01-23,35.790000915527344,36.16999816894531,35.33000183105469,36.099998474121094,178400.0
2025-01-24,36.099998474121094,36.91999816894531,36.0,36.810001373291016,263400.0
2025-01-27,36.52000045776367,36.779998779296875,35.7400016784668,36.470001220703125,299000.0
2025-01-28,36.52000045776367,37.70000076293945,36.5099983215332,37.61000061035156,195400.0
2025-01-29,37.810001373291016,38.08000183105469,36.9900016784668,37.029998779296875,221300.0
2025-01-30,37.310001373291016,37.459999084472656,36.630001068115234,37.29999923706055,324400.0
2025-01-31,37.349998474121094,37.349998474121094,34.54999923706055,34.650001525878906,407000.0
2025-02-03,33.81999969482422,34.540000915527344,33.310001373291016,33.43000030517578,408400.0
2025-02-04,33.36000061035156,33.72999954223633,31.75,31.790000915527344,291100.0
2025-02-05,31.850000381469727,32.2400016784668,31.670000076293945,31.850000381469727,348000.0
2025-02-06,39.720001220703125,39.720001220703125,33.029998779296875,33.119998931884766,667200.0
2025-02-07,33.119998931884766,33.79999923706055,32.439998626708984,32.709999084472656,477800.0
2025-02-10,33.33000183105469,35.08000183105469,32.61000061035156,33.79999923706055,745300.0
2025-02-11,33.40999984741211,34.7400016784668,33.40999984741211,34.34000015258789,581600.0
2025-02-12,34.0,35.880001068115234,33.029998779296875,35.54999923706055,537600.0
2025-02-13,35.56999969482422,36.029998779296875,34.439998626708984,35.709999084472656,371600.0
2025-02-14,35.849998474121094,36.63999938964844,35.79999923706055,36.47999954223633,332800.0
2025-02-18,36.7599983215332,37.34000015258789,35.810001373291016,36.33000183105469,637800.0
2025-02-19,36.04999923706055,36.33000183105469,35.369998931884766,35.58000183105469,416000.0
2025-02-20,35.380001068115234,35.599998474121094,34.59000015258789,35.540000915527344,318900.0
2025-02-21,35.869998931884766,35.9900016784668,34.25,34.310001373291016,385500.0
2025-02-24,34.119998931884766,34.279998779296875,33.209999084472656,33.56999969482422,350400.0
2025-02-25,33.709999084472656,33.97999954223633,33.040000915527344,33.86000061035156,272000.0
2025-02-26,34.0,34.970001220703125,33.869998931884766,33.959999084472656,338200.0
2025-02-27,33.83000183105469,34.15999984741211,32.880001068115234,33.060001373291016,254400.0
2025-02-28,32.90999984741211,33.650001525878906,32.540000915527344,33.47999954223633,455000.0
2025-03-03,33.310001373291016,33.5,31.469999313354492,31.59000015258789,362300.0
2025-03-04,30.969999313354492,31.950000762939453,30.700000762939453,31.850000381469727,407800.0
2025-03-05,31.799999237060547,32.11000061035156,31.020000457763672,31.84000015258789,333600.0
2025-03-06,31.43000030517578,32.040000915527344,30.440000534057617,30.6299991607666,246500.0
2025-03-07,29.959999084472656,31.15999984741211,29.93000030517578,30.860000610351562,471800.0
2025-03-10,30.459999084472656,30.790000915527344,29.020000457763672,29.5,382700.0
2025-03-11,29.510000228881836,30.299999237060547,29.43000030517578,29.850000381469727,333400.0
2025-03-12,30.43000030517578,30.799999237060547,29.459999084472656,29.690000534057617,406400.0
2025-03-13,29.75,29.950000762939453,28.940000534057617,29.260000228881836,152100.0
2025-03-14,30.18000030517578,30.18000030517578,29.489999771118164,29.829999923706055,171600.0
2025-03-17,29.899999618530273,30.110000610351562,29.020000457763672,29.93000030517578,338700.0
2025-03-18,29.600000381469727,29.700000762939453,28.93000030517578,29.440000534057617,164300.0
2025-03-19,29.56999969482422,30.690000534057617,29.229999542236328,30.600000381469727,257700.0
2025-03-20,30.040000915527344,31.110000610351562,30.040000915527344,30.899999618530273,199500.0
2025-03-21,30.3799991607666,31.65999984741211,30.329999923706055,31.600000381469727,859100.0
2025-03-24,32.22999954223633,32.869998931884766,31.450000762939453,32.72999954223633,371500.0
2025-03-25,32.849998474121094,33.209999084472656,32.61000061035156,32.65999984741211,201600.0
2025-03-26,32.65999984741211,32.970001220703125,31.700000762939453,31.829999923706055,195000.0
2025-03-27,31.56999969482422,31.670000076293945,30.90999984741211,31.18000030517578,238800.0
2025-03-28,31.1299991607666,31.399999618530273,30.489999771118164,31.389999389648438,298600.0
2025-03-31,30.520000457763672,31.43000030517578,30.5,31.010000228881836,589600.0
2025-04-01,30.84000015258789,31.780000686645508,30.34000015258789,31.559999465942383,235600.0
2025-04-02,31.020000457763672,32.33000183105469,31.020000457763672,31.65999984741211,360000.0
2025-04-03,29.6200008392334,31.600000381469727,29.209999084472656,31.020000457763672,614000.0
2025-04-04,29.540000915527344,30.860000610351562,29.15999984741211,29.450000762939453,418300.0
2025-04-07,28.0,30.09000015258789,27.0,28.809999465942383,614900.0
2025-04-08,29.450000762939453,29.59000015258789,27.93000030517578,28.420000076293945,357000.0
2025-04-09,27.8799991607666,31.260000228881836,27.8700008392334,30.520000457763672,543600.0
2025-04-10,29.729999542236328,30.229999542236328,29.329999923706055,29.90999984741211,227100.0
2025-04-11,29.950000762939453,30.239999771118164,29.18000030517578,29.6200008392334,200900.0
2025-04-14,30.25,30.25,29.34000015258789,29.68000030517578,237300.0
2025-04-15,29.549999237060547,30.530000686645508,29.540000915527344,30.389999389648438,372900.0
2025-04-16,30.139999389648438,31.1299991607666,30.139999389648438,31.0,217600.0
2025-04-17,31.049999237060547,31.520000457763672,30.889999389648438,30.989999771118164,182100.0
2025-04-21,30.549999237060547,30.790000915527344,29.690000534057617,30.18000030517578,221800.0
2025-04-22,30.6299991607666,31.239999771118164,30.299999237060547,30.719999313354492,327800.0
2025-04-23,31.510000228881836,32.400001525878906,31.170000076293945,31.309999465942383,337100.0
2025-04-24,31.18000030517578,31.670000076293945,30.8700008392334,31.489999771118164,168300.0
2025-04-25,31.479999542236328,31.809999465942383,31.079999923706055,31.719999313354492,151900.0
2025-04-28,31.709999084472656,31.75,30.8799991607666,31.290000915527344,205400.0
2025-04-29,31.190000534057617,32.119998931884766,31.190000534057617,32.029998779296875,145600.0
2025-04-30,31.59000015258789,32.0,30.989999771118164,31.780000686645508,179000.0
2025-05-01,31.6299991607666,32.130001068115234,31.350000381469727,31.84000015258789,160700.0
2025-05-02,32.2400016784668,32.58000183105469,31.829999923706055,32.06999969482422,178000.0
2025-05-05,31.75,31.989999771118164,31.479999542236328,31.6299991607666,148700.0
2025-05-06,31.25,31.90999984741211,31.030000686645508,31.850000381469727,194500.0
2025-05-07,32.09000015258789,32.11000061035156,31.209999084472656,31.530000686645508,212500.0
2025-05-08,25.6299991607666,29.239999771118164,23.93000030517578,28.299999237060547,1468600.0
2025-05-09,28.25,28.290000915527344,25.510000228881836,25.510000228881836,877200.0
2025-05-12,25.950000762939453,25.950000762939453,24.030000686645508,24.059999465942383,856800.0
2025-05-13,24.059999465942383,25.06999969482422,23.0,24.889999389648438,687000.0
2025-05-14,24.809999465942383,25.3700008392334,24.34000015258789,25.260000228881836,596900.0
2025-05-15,25.219999313354492,25.600000381469727,24.469999313354492,24.65999984741211,570600.0
2025-05-16,24.760000228881836,25.079999923706055,24.239999771118164,24.510000228881836,416700.0
2025-05-19,24.239999771118164,24.920000076293945,24.079999923706055,24.719999313354492,321400.0
2025-05-20,24.719999313354492,24.940000534057617,24.260000228881836,24.850000381469727,346600.0
2025-05-21,24.540000915527344,25.100000381469727,24.420000076293945,24.940000534057617,350400.0
2025-05-22,24.90999984741211,25.229999542236328,24.6200008392334,25.020000457763672,274800.0
2025-05-23,24.600000381469727,24.75,23.739999771118164,23.760000228881836,240600.0
2025-05-27,23.979999542236328,24.350000381469727,23.540000915527344,23.59000015258789,254100.0
2025-05-28,23.6200008392334,23.700000762939453,23.09000015258789,23.18000030517578,210600.0
2025-05-29,23.280000686645508,23.3799991607666,22.989999771118164,23.200000762939453,224000.0
2025-05-30,23.18000030517578,23.59000015258789,23.079999923706055,23.3700008392334,371500.0
2025-06-02,23.309999465942383,23.420000076293945,22.889999389648438,23.190000534057617,227000.0
2025-06-03,23.190000534057617,23.229999542236328,22.799999237060547,23.200000762939453,251600.0
2025-06-04,23.25,24.5,23.200000762939453,24.450000762939453,379700.0
2025-06-05,24.43000030517578,24.6200008392334,24.100000381469727,24.489999771118164,334300.0
2025-06-06,24.709999084472656,25.100000381469727,24.469999313354492,24.829999923706055,335800.0
2025-06-09,24.899999618530273,25.280000686645508,24.170000076293945,24.780000686645508,202100.0
2025-06-10,24.81999969482422,25.0,24.530000686645508,24.68000030517578,187600.0
2025-06-11,24.719999313354492,24.719999313354492,24.290000915527344,24.34000015258789,230100.0
2025-06-12,24.290000915527344,24.350000381469727,23.850000381469727,24.190000534057617,215600.0
2025-06-13,23.809999465942383,24.139999389648438,23.360000610351562,23.399999618530273,159100.0
2025-06-16,23.690000534057617,23.760000228881836,23.3700008392334,23.59000015258789,186800.0
2025-06-17,23.549999237060547,23.920000076293945,23.3700008392334,23.43000030517578,216100.0
2025-06-18,23.3700008392334,23.84000015258789,23.280000686645508,23.31999969482422,173400.0
2025-06-20,23.579999923706055,23.860000610351562,22.969999313354492,23.309999465942383,411300.0
2025-06-23,23.18000030517578,23.360000610351562,22.579999923706055,22.959999084472656,270500.0
2025-06-24,23.149999618530273,23.8700008392334,22.940000534057617,23.6200008392334,280400.0
2025-06-25,23.799999237060547,23.799999237060547,22.889999389648438,23.15999984741211,214100.0
2025-06-26,23.610000610351562,23.739999771118164,22.940000534057617,23.68000030517578,259900.0
2025-06-27,23.8700008392334,24.09000015258789,23.56999969482422,23.649999618530273,792100.0
2025-06-30,23.969999313354492,24.030000686645508,23.25,23.59000015258789,505800.0
2025-07-01,23.6200008392334,23.969999313354492,23.299999237060547,23.760000228881836,248600.0
2025-07-02,23.639999389648438,24.1299991607666,23.440000534057617,24.1200008392334,206100.0
2025-07-03,24.149999618530273,24.280000686645508,23.920000076293945,24.219999313354492,170500.0
2025-07-07,24.06999969482422,24.260000228881836,23.780000686645508,24.149999618530273,288500.0
2025-07-08,24.299999237060547,24.6200008392334,24.170000076293945,24.559999465942383,204600.0
2025-07-09,24.600000381469727,24.700000762939453,24.25,24.59000015258789,263600.0
2025-07-10,24.56999969482422,24.709999084472656,24.34000015258789,24.399999618530273,185700.0
2025-07-11,24.3799991607666,24.43000030517578,23.850000381469727,23.93000030517578,178600.0
2025-07-14,23.899999618530273,24.25,23.729999542236328,24.15999984741211,193800.0
2025-07-15,24.299999237060547,24.56999969482422,24.110000610351562,24.34000015258789,252500.0
2025-07-16,24.459999084472656,24.649999618530273,24.100000381469727,24.459999084472656,176700.0
2025-07-17,24.549999237060547,25.299999237060547,24.530000686645508,25.15999984741211,244600.0
2025-07-18,25.40999984741211,25.40999984741211,24.709999084472656,24.799999237060547,216700.0
2025-07-21,24.84000015258789,25.09000015258789,24.3700008392334,24.520000457763672,179700.0
2025-07-22,24.610000610351562,24.850000381469727,24.469999313354492,24.68000030517578,180700.0
2025-07-23,24.81999969482422,26.149999618530273,24.65999984741211,26.1299991607666,378300.0
2025-07-24,26.139999389648438,26.299999237060547,24.899999618530273,25.110000610351562,344800.0
2025-07-25,25.15999984741211,25.280000686645508,24.56999969482422,24.84000015258789,316800.0
2025-07-28,24.860000610351562,25.25,24.030000686645508,24.209999084472656,198400.0
2025-07-29,24.3799991607666,24.700000762939453,24.34000015258789,24.530000686645508,308100.0
2025-07-30,24.450000762939453,25.729999542236328,24.09000015258789,24.239999771118164,765600.0
2025-07-31,24.299999237060547,24.299999237060547,23.600000381469727,23.8799991607666,312500.0
2025-08-01,23.579999923706055,23.610000610351562,23.049999237060547,23.479999542236328,221500.0
2025-08-04,23.68000030517578,24.299999237060547,23.479999542236328,24.270000457763672,183800.0
2025-08-05,24.3799991607666,24.549999237060547,24.15999984741211,24.40999984741211,372400.0
2025-08-06,24.43000030517578,25.149999618530273,24.260000228881836,24.850000381469727,301300.0
2025-08-07,24.860000610351562,25.690000534057617,23.290000915527344,23.670000076293945,431300.0
2025-08-08,22.530000686645508,24.200000762939453,22.299999237060547,23.969999313354492,571800.0
2025-08-11,23.709999084472656,24.6299991607666,23.709999084472656,24.559999465942383,325800.0
2025-08-12,24.65999984741211,25.530000686645508,24.5,24.989999771118164,372400.0
2025-08-13,25.030000686645508,26.31999969482422,24.719999313354492,26.149999618530273,451700.0
2025-08-14,25.799999237060547,26.290000915527344,25.65999984741211,26.219999313354492,286700.0
2025-08-15,26.239999771118164,26.399999618530273,25.049999237060547,25.399999618530273,467900.0
2025-08-18,25.399999618530273,25.8799991607666,25.18000030517578,25.799999237060547,345400.0
2025-08-19,25.950000762939453,26.06999969482422,25.40999984741211,25.540000915527344,316300.0
2025-08-20,25.5,25.809999465942383,25.170000076293945,25.510000228881836,312100.0
2025-08-21,25.309999465942383,26.309999465942383,25.309999465942383,26.200000762939453,189800.0
2025-08-22,26.389999389648438,27.549999237060547,26.200000762939453,27.200000762939453,279800.0
2025-08-25,27.049999237060547,27.209999084472656,26.420000076293945,26.600000381469727,214600.0
2025-08-26,26.649999618530273,26.760000228881836,26.3799991607666,26.5,124900.0
2025-08-27,26.399999618530273,26.81999969482422,26.219999313354492,26.290000915527344,165900.0
2025-08-28,26.450000762939453,26.469999313354492,26.09000015258789,26.299999237060547,174600.0
2025-08-29,26.399999618530273,26.6299991607666,26.190000534057617,26.59000015258789,197700.0
2025-09-02,26.280000686645508,26.450000762939453,26.09000015258789,26.1200008392334,198300.0
2025-09-03,26.0,26.559999465942383,25.799999237060547,26.3700008392334,230600.0
2025-09-04,26.489999771118164,26.979999542236328,26.3700008392334,26.93000030517578,129400.0
2025-09-05,27.040000915527344,27.1299991607666,26.469999313354492,26.770000457763672,161200.0
2025-09-08,26.860000610351562,27.0,26.420000076293945,26.959999084472656,168300.0
2025-09-09,26.8799991607666,26.940000534057617,26.329999923706055,26.34000015258789,129800.0
2025-09-10,26.1200008392334,27.239999771118164,26.1200008392334,27.059999465942383,298100.0
2025-09-11,27.0,27.350000381469727,27.0,27.25,160900.0
2025-09-12,27.190000534057617,27.440000534057617,27.0,27.170000076293945,140900.0
2025-09-15,27.15999984741211,27.6200008392334,27.0,27.610000610351562,165700.0
2025-09-16,27.610000610351562,28.059999465942383,27.280000686645508,28.049999237060547,232400.0
2025-09-17,28.010000228881836,28.719999313354492,27.700000762939453,27.75,265100.0
2025-09-18,28.06999969482422,28.329999923706055,27.729999542236328,28.239999771118164,170100.0
2025-09-19,28.31999969482422,28.610000610351562,27.719999313354492,27.770000457763672,531600.0
2025-09-22,27.729999542236328,28.0,27.440000534057617,27.889999389648438,193500.0
2025-09-23,27.899999618530273,28.15999984741211,27.350000381469727,27.479999542236328,145300.0
2025-09-24,27.510000228881836,27.81999969482422,27.360000610351562,27.559999465942383,116100.0
2025-09-25,27.299999237060547,27.559999465942383,27.200000762939453,27.3799991607666,161200.0
2025-09-26,27.3700008392334,27.790000915527344,27.1299991607666,27.299999237060547,161300.0
2025-09-29,27.440000534057617,27.540000915527344,26.989999771118164,27.510000228881836,109800.0
2025-09-30,27.43000030517578,27.610000610351562,27.110000610351562,27.43000030517578,156400.0
2025-10-01,27.15999984741211,27.489999771118164,26.940000534057617,27.43000030517578,127900.0
2025-10-02,27.43000030517578,27.459999084472656,26.920000076293945,27.079999923706055,165600.0
2025-10-03,27.260000228881836,27.8799991607666,27.190000534057617,27.520000457763672,172800.0
2025-10-06,27.520000457763672,27.639999389648438,27.040000915527344,27.09000015258789,130600.0
2025-10-07,27.010000228881836,27.030000686645508,25.079999923706055,25.239999771118164,264500.0
2025-10-08,25.280000686645508,25.299999237060547,23.860000610351562,24.18000030517578,241100.0
2025-10-09,24.110000610351562,24.350000381469727,23.6200008392334,23.639999389648438,174600.0
2025-10-10,23.649999618530273,23.940000534057617,23.1200008392334,23.190000534057617,182100.0
2025-10-13,23.459999084472656,24.40999984741211,22.799999237060547,24.299999237060547,289400.0
2025-10-14,23.989999771118164,24.399999618530273,23.780000686645508,24.059999465942383,199700.0
2025-10-15,24.110000610351562,24.389999389648438,23.56999969482422,23.6200008392334,111000.0
2025-10-16,23.719999313354492,23.790000915527344,23.270000457763672,23.3799991607666,121700.0
2025-10-17,23.239999771118164,23.479999542236328,23.059999465942383,23.209999084472656,119100.0
2025-10-20,23.290000915527344,23.8799991607666,23.290000915527344,23.81999969482422,135300.0
2025-10-21,23.81999969482422,24.31999969482422,23.6200008392334,24.1200008392334,99300.0
2025-10-22,24.190000534057617,24.43000030517578,23.760000228881836,24.1299991607666,205200.0
2025-10-23,24.1299991607666,24.90999984741211,24.1299991607666,24.559999465942383,111000.0
2025-10-24,24.690000534057617,25.020000457763672,24.579999923706055,24.81999969482422,113500.0
2025-10-27,24.90999984741211,25.010000228881836,24.020000457763672,24.079999923706055,136400.0
2025-10-28,23.90999984741211,24.489999771118164,23.860000610351562,24.139999389648438,86500.0
2025-10-29,24.110000610351562,24.299999237060547,23.239999771118164,23.520000457763672,120700.0
2025-10-30,23.5,23.799999237060547,23.5,23.780000686645508,113800.0
2025-10-31,23.649999618530273,23.950000762939453,23.510000228881836,23.940000534057617,131400.0
2025-11-03,23.8799991607666,23.969999313354492,23.559999465942383,23.600000381469727,172800.0
2025-11-04,23.459999084472656,23.670000076293945,22.989999771118164,23.110000610351562,115500.0
2025-11-05,23.229999542236328,23.739999771118164,23.229999542236328,23.469999313354492,172700.0
2025-11-06,23.389999389648438,23.540000915527344,21.670000076293945,22.15999984741211,209600.0
2025-11-07,22.15999984741211,22.700000762939453,22.030000686645508,22.670000076293945,202500.0
2025-11-10,22.790000915527344,23.34000015258789,22.40999984741211,23.329999923706055,138100.0
2025-11-11,23.31999969482422,23.8799991607666,23.110000610351562,23.75,205900.0
2025-11-12,23.90999984741211,24.040000915527344,23.459999084472656,23.8700008392334,217200.0
2025-11-13,23.6299991607666,23.799999237060547,23.149999618530273,23.239999771118164,187900.0
2025-11-14,22.959999084472656,23.200000762939453,22.719999313354492,23.18000030517578,147200.0
2025-11-17,23.030000686645508,23.030000686645508,22.239999771118164,22.260000228881836,146200.0
2025-11-18,22.170000076293945,22.899999618530273,22.100000381469727,22.579999923706055,307600.0
2025-11-19,22.549999237060547,22.889999389648438,22.420000076293945,22.68000030517578,165900.0
2025-11-20,25.450000762939453,27.639999389648438,25.079999923706055,25.709999084472656,643300.0
2025-11-21,25.760000228881836,27.959999084472656,25.760000228881836,27.959999084472656,470400.0
2025-11-24,27.90999984741211,28.920000076293945,27.799999237060547,28.780000686645508,402200.0
2025-11-25,28.75,30.350000381469727,28.420000076293945,30.270000457763672,342100.0
2025-11-26,30.1200008392334,30.360000610351562,30.030000686645508,30.209999084472656,265000.0
2025-11-28,30.110000610351562,30.350000381469727,29.56999969482422,30.040000915527344,107800.0
2025-12-01,29.75,30.3700008392334,29.579999923706055,29.84000015258789,194900.0
2025-12-02,29.809999465942383,30.0,29.3700008392334,29.420000076293945,124900.0
2025-12-03,29.56999969482422,30.34000015258789,29.549999237060547,30.170000076293945,175100.0
2025-12-04,30.270000457763672,30.270000457763672,29.719999313354492,29.889999389648438,152900.0
2025-12-05,29.790000915527344,30.280000686645508,29.719999313354492,30.030000686645508,134200.0
2025-12-08,30.270000457763672,30.450000762939453,29.940000534057617,30.1299991607666,135100.0
2025-12-09,30.09000015258789,31.139999389648438,30.09000015258789,30.920000076293945,157100.0
2025-12-10,30.899999618530273,31.959999084472656,30.899999618530273,31.639999389648438,186700.0
2025-12-11,31.690000534057617,31.90999984741211,31.479999542236328,31.709999084472656,227900.0
2025-12-12,31.649999618530273,31.920000076293945,31.549999237060547,31.81999969482422,160200.0
2025-12-15,32.0,32.400001525878906,31.729999542236328,31.93000030517578,180900.0
2025-12-16,31.940000534057617,32.15999984741211,31.299999237060547,32.0099983215332,170800.0
2025-12-17,31.950000762939453,32.11000061035156,31.3799991607666,31.510000228881836,166600.0
2025-12-18,31.790000915527344,31.959999084472656,31.540000915527344,31.719999313354492,190100.0
2025-12-19,31.6200008392334,31.75,31.079999923706055,31.540000915527344,398600.0
2025-12-22,31.520000457763672,32.150001525878906,30.829999923706055,30.84000015258789,240300.0
2025-12-23,30.850000381469727,31.3700008392334,30.799999237060547,30.969999313354492,134200.0
2025-12-24,30.969999313354492,31.200000762939453,30.510000228881836,30.860000610351562,93000.0
2025-12-26,30.889999389648438,31.170000076293945,30.84000015258789,31.149999618530273,86100.0
2025-12-29,31.100000381469727,31.770000457763672,30.90999984741211,31.68000030517578,144900.0
2025-12-30,31.68000030517578,32.18000030517578,31.360000610351562,31.40999984741211,192500.0
2025-12-31,31.280000686645508,31.489999771118164,30.25,30.309999465942383,156500.0
2026-01-02,30.34000015258789,30.450000762939453,29.559999465942383,29.59000015258789,278000.0
2026-01-05,29.450000762939453,30.780000686645508,29.110000610351562,30.68000030517578,168000.0
2026-01-06,30.309999465942383,31.110000610351562,30.15999984741211,30.959999084472656,128500.0
2026-01-07,31.149999618530273,31.149999618530273,30.549999237060547,30.940000534057617,95300.0
2026-01-08,30.719999313354492,31.469999313354492,30.200000762939453,31.219999313354492,79200.0
2026-01-09,31.229999542236328,31.520000457763672,30.75,31.299999237060547,107100.0
2026-01-12,31.149999618530273,31.700000762939453,30.899999618530273,31.610000610351562,141800.0
2026-01-13,31.780000686645508,31.850000381469727,31.239999771118164,31.709999084472656,86900.0
2026-01-14,31.5,31.780000686645508,31.270000457763672,31.649999618530273,138200.0
2026-01-15,31.700000762939453,32.060001373291016,31.219999313354492,31.829999923706055,121000.0
2026-01-16,32.15999984741211,32.2599983215332,31.299999237060547,31.299999237060547,116500.0
2026-01-20,30.8700008392334,31.719999313354492,30.540000915527344,31.25,118700.0
2026-01-21,31.479999542236328,31.93000030517578,31.059999465942383,31.889999389648438,187600.0
2026-01-22,32.0,32.61000061035156,31.8799991607666,32.0,125600.0
2026-01-23,32.0,32.33000183105469,31.579999923706055,31.799999237060547,81800.0
2026-01-26,31.790000915527344,32.25,31.350000381469727,31.649999618530273,110500.0
2026-01-27,31.670000076293945,32.209999084472656,31.540000915527344,32.0,114900.0
2026-01-28,32.189998626708984,32.279998779296875,31.540000915527344,31.709999084472656,120000.0
2026-01-29,31.8799991607666,32.29999923706055,31.5,32.150001525878906,123100.0
2026-01-30,31.850000381469727,32.150001525878906,31.510000228881836,32.0,123700.0
2026-02-02,32.0,32.880001068115234,31.93000030517578,32.63999938964844,157700.0
2026-02-03,32.52000045776367,32.619998931884766,30.989999771118164,31.5,145100.0
2026-02-04,31.68000030517578,31.760000228881836,30.670000076293945,31.469999313354492,192300.0
2026-02-05,32.119998931884766,33.470001220703125,32.04999923706055,32.95000076293945,339700.0
2026-02-06,32.56999969482422,33.189998626708984,32.18000030517578,32.5099983215332,221000.0
2026-02-09,32.81999969482422,33.279998779296875,32.599998474121094,33.189998626708984,213800.0
2026-02-10,32.86000061035156,33.61000061035156,32.77000045776367,32.93000030517578,229400.0
2026-02-11,32.93000030517578,33.22999954223633,31.110000610351562,31.43000030517578,169700.0
2026-02-12,31.549999237060547,32.0,29.670000076293945,30.270000457763672,178300.0
2026-02-13,30.649999618530273,30.950000762939453,30.260000228881836,30.729999542236328,215100.0
2026-02-17,30.860000610351562,31.350000381469727,30.280000686645508,30.989999771118164,245700.0
2026-02-18,31.010000228881836,31.809999465942383,30.670000076293945,31.739999771118164,144900.0
2026-02-19,31.549999237060547,32.02000045776367,31.34000015258789,31.780000686645508,176700.0
2026-02-20,31.690000534057617,32.0,31.190000534057617,31.850000381469727,102900.0
2026-02-23,31.450000762939453,31.549999237060547,30.59000015258789,30.729999542236328,170200.0
2026-02-24,30.649999618530273,30.90999984741211,30.34000015258789,30.68000030517578,135000.0
2026-02-25,30.649999618530273,31.399999618530273,30.329999923706055,31.239999771118164,126200.0
2026-02-26,31.34000015258789,31.6200008392334,31.079999923706055,31.420000076293945,103500.0
2026-02-27,31.030000686645508,31.940000534057617,30.56999969482422,31.610000610351562,138300.0
2026-03-02,30.84000015258789,32.34000015258789,30.610000610351562,32.0,196100.0
2026-03-03,31.65999984741211,32.54999923706055,31.360000610351562,32.279998779296875,151600.0
2026-03-04,32.41999816894531,33.09000015258789,32.36000061035156,32.470001220703125,117600.0
2026-03-05,32.41999816894531,33.119998931884766,32.41999816894531,32.63999938964844,98700.0
2026-03-06,32.11000061035156,32.599998474121094,31.600000381469727,31.969999313354492,186100.0
2026-03-09,31.510000228881836,32.689998626708984,31.020000457763672,32.56999969482422,365600.0
2026-03-10,32.2400016784668,33.09000015258789,32.09000015258789,32.2400016784668,137100.0
2026-03-11,31.799999237060547,32.16999816894531,31.170000076293945,31.239999771118164,80100.0
2026-03-12,30.790000915527344,31.1200008392334,29.190000534057617,29.219999313354492,170000.0
2026-03-13,29.520000457763672,29.56999969482422,28.40999984741211,28.440000534057617,153500.0
2026-03-16,28.739999771118164,28.739999771118164,27.989999771118164,28.06999969482422,157200.0
2026-03-17,28.3799991607666,28.93000030517578,28.09000015258789,28.299999237060547,262700.0
2026-03-18,28.200000762939453,29.020000457763672,28.0,28.110000610351562,137600.0
2026-03-19,27.889999389648438,28.549999237060547,27.889999389648438,28.420000076293945,121200.0
2026-03-20,28.420000076293945,28.920000076293945,28.010000228881836,28.639999389648438,751800.0
2026-03-23,29.440000534057617,30.34000015258789,29.170000076293945,29.940000534057617,168300.0
2026-03-24,29.56999969482422,30.25,29.43000030517578,30.09000015258789,119200.0
2026-03-25,30.489999771118164,30.530000686645508,29.739999771118164,30.479999542236328,120100.0
2026-03-26,30.170000076293945,30.709999084472656,29.790000915527344,29.799999237060547,111800.0
2026-03-27,29.479999542236328,29.700000762939453,29.1299991607666,29.489999771118164,69800.0
2026-03-30,29.489999771118164,30.049999237060547,29.469999313354492,29.780000686645508,133000.0
2026-03-31,30.299999237060547,30.809999465942383,29.56999969482422,30.56999969482422,182200.0
2026-04-01,30.739999771118164,31.260000228881836,30.559999465942383,30.860000610351562,132200.0
2026-04-02,30.280000686645508,31.5,30.280000686645508,31.15999984741211,151300.0
2026-04-06,31.170000076293945,31.670000076293945,31.049999237060547,31.3799991607666,107100.0
2026-04-07,31.270000457763672,31.850000381469727,31.270000457763672,31.549999237060547,194300.0
2026-04-08,32.47999954223633,32.720001220703125,31.959999084472656,31.989999771118164,168700.0
2026-04-09,32.040000915527344,32.5099983215332,31.459999084472656,32.310001373291016,107000.0
2026-04-10,32.13999938964844,32.52000045776367,31.770000457763672,32.43000030517578,223400.0
2026-04-13,32.2400016784668,32.720001220703125,31.979999542236328,32.599998474121094,160400.0
2026-04-14,32.54999923706055,33.13999938964844,32.369998931884766,33.08000183105469,147900.0
2026-04-15,33.0099983215332,33.709999084472656,33.0099983215332,33.65999984741211,106600.0
2026-04-16,33.7599983215332,34.20000076293945,33.4900016784668,33.52000045776367,130300.0
2026-04-17,34.13999938964844,34.61000061035156,33.90999984741211,34.0,199700.0
2026-04-20,33.97999954223633,34.36000061035156,32.88999938964844,33.97999954223633,151100.0
2026-04-21,33.959999084472656,34.52000045776367,33.38999938964844,33.709999084472656,189200.0
2026-04-22,33.79999923706055,34.779998779296875,33.79999923706055,34.439998626708984,142700.0
2026-04-23,34.34000015258789,35.0,34.22999954223633,34.459999084472656,210700.0
2026-04-24,34.33000183105469,35.15999984741211,33.869998931884766,34.88999938964844,124500.0
2026-04-27,35.0,35.66999816894531,34.93000030517578,35.209999084472656,133500.0
2026-04-28,34.56999969482422,35.939998626708984,34.029998779296875,35.63999938964844,137700.0
2026-04-29,35.439998626708984,36.04999923706055,35.0,35.369998931884766,181100.0
2026-04-30,35.349998474121094,36.08000183105469,35.18000030517578,35.650001525878906,143700.0
2026-05-01,35.75,36.0,35.43000030517578,35.90999984741211,135400.0
2026-05-04,35.650001525878906,36.31999969482422,35.650001525878906,35.81999969482422,169800.0
2026-05-05,36.06999969482422,37.54999923706055,36.04999923706055,37.09000015258789,180200.0
2026-05-06,37.4900016784668,37.66999816894531,36.939998626708984,37.220001220703125,192600.0
2026-05-07,37.970001220703125,38.83000183105469,35.189998626708984,36.25,246400.0
2026-05-08,36.290000915527344,36.349998474121094,35.45000076293945,36.189998626708984,166800.0
2026-05-11,36.150001525878906,36.150001525878906,34.04999923706055,34.33000183105469,297700.0
2026-05-12,34.349998474121094,34.58000183105469,33.16999816894531,33.58000183105469,190000.0
2026-05-13,33.279998779296875,33.70000076293945,32.84000015258789,33.16999816894531,212200.0
2026-05-14,33.29999923706055,33.380001068115234,32.790000915527344,33.34000015258789,161400.0
2026-05-15,33.47999954223633,34.29999923706055,32.900001525878906,32.959999084472656,149600.0
2026-05-18,33.0,34.02000045776367,33.0,33.880001068115234,103000.0
2026-05-19,33.7599983215332,34.119998931884766,33.279998779296875,33.970001220703125,121500.0
2026-05-20,33.900001525878906,34.47999954223633,33.31999969482422,34.45000076293945,148400.0
2026-05-21,34.16999816894531,34.290000915527344,33.189998626708984,34.20000076293945,104200.0
2026-05-22,34.290000915527344,34.5099983215332,33.77000045776367,34.43000030517578,222200.0
2026-05-26,34.52000045776367,35.849998474121094,34.52000045776367,35.7599983215332,134900.0
2026-05-27,35.900001525878906,36.2400016784668,35.58000183105469,36.060001373291016,140700.0
2026-05-28,36.0,36.5099983215332,35.709999084472656,36.33000183105469,184700.0
2026-05-29,36.099998474121094,36.290000915527344,35.81999969482422,36.209999084472656,192700.0
2026-06-01,36.16999816894531,37.11000061035156,36.029998779296875,37.02000045776367,176200.0
2026-06-02,36.93000030517578,37.15999984741211,35.939998626708984,36.29999923706055,132300.0
2026-06-03,36.2599983215332,36.58000183105469,35.790000915527344,36.13999938964844,156700.0
2026-06-04,36.38999938964844,37.4900016784668,36.130001068115234,36.939998626708984,140500.0
2026-06-05,36.93000030517578,37.38999938964844,36.83000183105469,37.22999954223633,98600.0
2026-06-08,37.369998931884766,37.869998931884766,36.650001525878906,36.650001525878906,184800.0
2026-06-09,36.93000030517578,37.91999816894531,36.93000030517578,37.7400016784668,158500.0
2026-06-10,37.849998474121094,38.16999816894531,37.72999954223633,37.81999969482422,155900.0
2026-06-11,37.88999938964844,38.2400016784668,37.43000030517578,37.939998626708984,166000.0
2026-06-12,38.08000183105469,38.43000030517578,37.470001220703125,37.939998626708984,127500.0
2026-06-15,37.95000076293945,38.0,37.0,37.880001068115234,138000.0
2026-06-16,37.95000076293945,38.040000915527344,37.06999969482422,37.470001220703125,203100.0
2026-06-17,37.31999969482422,37.75,36.36000061035156,36.540000915527344,197400.0
2026-06-18,37.119998931884766,37.959999084472656,36.52000045776367,37.88999938964844,304100.0
2026-06-22,37.790000915527344,37.95000076293945,37.349998474121094,37.52000045776367,267900.0
2026-06-23,37.54999923706055,38.63999938964844,37.25,38.439998626708984,184200.0
2026-06-24,38.58000183105469,39.54999923706055,38.34000015258789,38.900001525878906,162500.0
2026-06-25,38.810001373291016,39.349998474121094,38.04999923706055,38.13999938964844,197800.0
2026-06-26,38.25,39.20000076293945,37.529998779296875,39.09000015258789,683500.0
2026-06-29,39.36000061035156,39.93000030517578,39.0,39.09000015258789,297700.0
2026-06-30,39.119998931884766,39.59000015258789,39.0,39.119998931884766,340300.0
2026-07-01,39.130001068115234,39.65999984741211,38.31999969482422,38.70000076293945,229900.0
2026-07-02,38.90999984741211,39.02000045776367,38.290000915527344,38.36000061035156,172900.0
2026-07-06,38.31999969482422,38.84000015258789,37.599998474121094,38.380001068115234,178100.0
2026-07-07,38.689998626708984,39.0099983215332,37.779998779296875,38.029998779296875,177100.0
2026-07-08,38.119998931884766,38.540000915527344,36.36000061035156,37.90999984741211,267700.0
2026-07-09,37.84000015258789,38.630001068115234,37.5099983215332,38.58000183105469,153700.0
2026-07-10,38.58000183105469,39.0,38.16999816894531,39.0,128300.0
2026-07-13,39.0,39.56999969482422,38.86000061035156,38.880001068115234,141200.0
2026-07-14,38.880001068115234,39.380001068115234,38.59000015258789,38.93000030517578,120700.0
2026-07-15,39.099998474121094,40.0,38.95000076293945,39.650001525878906,174800.0
2026-07-16,39.720001220703125,41.25,39.720001220703125,41.02000045776367,500100.0
2026-07-17,40.630001068115234,41.279998779296875,39.150001525878906,39.52000045776367,369300.0
2026-07-20,39.56999969482422,40.34000015258789,38.70000076293945,38.77000045776367,126800.0
2026-07-23,37.7599983215332,37.91999816894531,37.349998474121094,37.470001220703125,165700.0
2026-07-24,37.72999954223633,38.290000915527344,37.33000183105469,37.560001373291016,183600.0
2026-07-27,38.029998779296875,38.97999954223633,38.0,38.959999084472656,112000.0
2026-07-28,39.38999938964844,39.77000045776367,39.130001068115234,39.33000183105469,185000.0
2026-07-29,39.20000076293945,39.36000061035156,38.150001525878906,38.45000076293945,195600.0
2026-07-30,38.31999969482422,38.40999984741211,37.880001068115234,38.16999816894531,135700.0
2026-08-03,39.0,40.029998779296875,38.75,39.29999923706055,194600.0
2026-08-04,39.349998474121094,39.68000030517578,37.880001068115234,38.2400016784668,288300.0
2026-08-05,38.349998474121094,39.25,37.2400016784668,37.540000915527344,184800.0
2026-08-06,40.0,43.81999969482422,40.0,42.0099983215332,545300.0
2026-08-07,42.040000915527344,43.34000015258789,41.20000076293945,42.060001373291016,315000.0
2026-08-10,42.15999984741211,42.959999084472656,40.27000045776367,40.90999984741211,359400.0
2026-08-11,41.11000061035156,41.95000076293945,40.47999954223633,41.779998779296875,189900.0
2026-08-12,41.720001220703125,43.16999816894531,41.720001220703125,43.11000061035156,226500.0
2026-08-13,43.220001220703125,43.380001068115234,41.88999938964844,42.939998626708984,321100.0
2026-08-14,43.040000915527344,43.529998779296875,42.93000030517578,43.470001220703125,106200.0
2026-08-17,43.189998626708984,43.650001525878906,42.650001525878906,42.709999084472656,254200.0
2026-08-18,42.97999954223633,43.31999969482422,42.380001068115234,43.2599983215332,263600.0
2026-08-19,43.43000030517578,44.09000015258789,43.43000030517578,43.85499954223633,16143.0
